video_id,video_type,title,desc,create_time,user_id,nickname,avatar,liked_count,disliked_count,video_play_count,video_favorite_count,video_share_count,video_coin_count,video_danmaku,video_comment,last_modify_ts,video_url,video_cover_url,source_keyword
1.14748E+14,video,【张雪峰】最全选专业详细攻略（理科生必看）,,1750909031,443345922,张雪峰助考助研,https://i0.hdslb.com/bfs/face/16c02b4011b9011b9dea6357fab89df56df78d4f.jpg,5354,0,228278,9589,3905,1169,796,1175,1.76522E+12,https://www.bilibili.com/video/av114747550729878,http://i1.hdslb.com/bfs/archive/fe44b5fb455c555535fb8283dd6b099d243d7b35.jpg,张雪峰 专业推荐
1.12958E+14,video,全网最全如何选对专业（理科）,全网最全如何选对专业（理科）,1723604503,3.53711E+15,张雪峰直播精选,https://i1.hdslb.com/bfs/face/59a1a1f085c17a27f546958c8445d79459952aac.jpg,17808,0,490623,16863,9266,2609,4918,1127,1.76522E+12,https://www.bilibili.com/video/av112958092937970,http://i1.hdslb.com/bfs/archive/3864f67cc0f7dad89840809d2dc6300585324d63.jpg,张雪峰 专业推荐
1005770751,video,张雪峰讲解各个专业，从行业趋势看专业选择,张雪峰讲解各个专业，从行业趋势看专业选择,1719479711,694728656,张雪峰高考讲座,https://i2.hdslb.com/bfs/face/81f2b3a23894fe6dc460619705475732819075a8.jpg,88,0,5582,144,43,12,6,12,1.76522E+12,https://www.bilibili.com/video/av1005770751,http://i0.hdslb.com/bfs/archive/f6b03164bdedea0fc2301aed92c7022799b521be.jpg,张雪峰 专业推荐
1.14751E+14,video,【张雪峰】理科生必看！ 全网最全理科生志愿填报详细攻略，一次性讲明白理科生志愿填报保姆级必读,,1750978800,629303415,张雪峰高考志愿2025,https://i0.hdslb.com/bfs/face/a8ad98d0f18259f5ff26ec082dfd3486d139586e.jpg,2014,0,101290,2334,2462,216,462,1762,1.76522E+12,https://www.bilibili.com/video/av114750570628673,http://i0.hdslb.com/bfs/archive/ea0cbc2735b7daaf6b83186ab914e568e8ba5cc6.jpg,张雪峰 专业推荐
1.14682E+14,video,【张雪峰老师】43个大学专业介绍,张雪峰老师讲解43个大学专业！,1749913521,3.54686E+15,这伙计不懒,https://i1.hdslb.com/bfs/face/7461047d75e06710357b26570485a526dbd0c694.jpg,159,0,18635,641,346,40,8,3,1.76522E+12,https://www.bilibili.com/video/av114682169986052,http://i0.hdslb.com/bfs/archive/c950b9a8326f3ad3443fcfbf8764e9fb8eed026a.jpg,张雪峰 专业推荐
1.1349E+14,video,未来什么专业吃香？张雪峰一针见血,未来什么专业吃香？张雪峰一针见血,1731723032,3.54657E+15,张雪峰说考研就业,https://i2.hdslb.com/bfs/face/32f57f888f2a89cb511d52107514a9e274835fa4.jpg,1507,0,120684,1269,209,65,76,163,1.76522E+12,https://www.bilibili.com/video/av113490148721149,http://i1.hdslb.com/bfs/archive/330a92841e99bd34bca9fca3901c57197402d67a.jpg,张雪峰 专业推荐
1801012875,video,张雪峰，最挣钱的六大专业，普通家庭千万不要错过！,.,1709177604,3.49309E+15,上岸先Z意中人,https://i1.hdslb.com/bfs/face/f0e09308ab824f0791d7521eddb5c44eb2f84c8d.jpg,7328,0,712436,6593,1990,206,146,921,1.76522E+12,https://www.bilibili.com/video/av1801012875,http://i1.hdslb.com/bfs/archive/0360b1cad9d8a8a4f1186df707446fe1fe86bcfa.jpg,张雪峰 专业推荐
1255090356,video,500分除了警校还有什么专业推荐,500分除了警校还有什么专业推荐,1716950874,3.53711E+15,张雪峰直播精选,https://i1.hdslb.com/bfs/face/59a1a1f085c17a27f546958c8445d79459952aac.jpg,212,0,11685,81,44,12,1,27,1.76522E+12,https://www.bilibili.com/video/av1255090356,http://i2.hdslb.com/bfs/archive/a2bee0890b14729314008cda116ab1795bd80d44.jpg,张雪峰 专业推荐
487624414,video,张雪峰讲最火专业方向4-计算机类,张雪峰讲最火专业方向4.计算机类,1687425580,93404819,听张雪峰讲升学规划,https://i2.hdslb.com/bfs/face/2e38c794fbe65be9e74bc53d909ba1fe61bdea15.jpg,5629,0,264370,4829,5075,967,2967,935,1.76522E+12,https://www.bilibili.com/video/av487624414,http://i1.hdslb.com/bfs/archive/fcc85fabefd6e569d21cfbcb890f06316016d97e.jpg,张雪峰 专业推荐
1.14283E+14,video,文科，哪些专业更有前景,-,1743823091,1937035294,张雪峰谈升学规划,https://i1.hdslb.com/bfs/face/2b3a1a1d22dba0ae8ffbd16ff1c8271987e07ea6.jpg,3389,0,196360,2512,1743,334,128,807,1.76522E+12,https://www.bilibili.com/video/av114283157461401,http://i1.hdslb.com/bfs/archive/f2858382626ce3e7ce3714ec3f8d825567aa8c0f.jpg,张雪峰 专业推荐
1.15597E+14,video,文科生院校专业推荐，张雪峰全程干货,文科生院校专业推荐，张雪峰全程干货,1763869414,3.54659E+15,张雪峰谈考研考公,https://i0.hdslb.com/bfs/face/a7fbe6f931530ac03d4f5a5769d2facd8433122c.jpg,26,0,1782,44,6,2,1,0,1.76522E+12,https://www.bilibili.com/video/av115596930981328,http://i1.hdslb.com/bfs/archive/e8c60c2e1a8e48dfbbb9dd1fe5a012851872b372.jpg,张雪峰 专业推荐
1105933416,video,【张雪峰】比普通本科还香的专科专业（6月30日直播）,,1719798357,443345922,张雪峰助考助研,https://i0.hdslb.com/bfs/face/16c02b4011b9011b9dea6357fab89df56df78d4f.jpg,3190,0,286642,2761,2962,232,178,1271,1.76522E+12,https://www.bilibili.com/video/av1105933416,http://i2.hdslb.com/bfs/archive/a2d254057c36b71f33c513c0977bf7404ce85c0b.jpg,张雪峰 专业推荐
1.15418E+14,video,张雪峰大学专业介绍完整版,,1761135046,3.54689E+15,金炎学院2,https://i1.hdslb.com/bfs/face/3d065608ca4d2fd49afd2ccc915b416db188f1b5.jpg,44,0,3926,224,72,8,1,0,1.76522E+12,https://www.bilibili.com/video/av115417666297803,http://i0.hdslb.com/bfs/archive/7647c21fce6986ec3dc877444636ad511a39f82d.jpg,张雪峰 专业推荐
1.14064E+14,video,广东省内院校和专业推荐 张雪峰又说大实话啦,,1741312800,433174409,雪峰说规划,https://i2.hdslb.com/bfs/face/56421019a4b37d670823962ed79b433686fb0d29.jpg,756,0,65658,570,197,29,75,143,1.76522E+12,https://www.bilibili.com/video/av114063795358245,http://i1.hdslb.com/bfs/archive/1249f9f229e330ead00c766c166d3a872fc79ed1.jpg,张雪峰 专业推荐
366691365,video,张雪峰讲2025年考研专业院校选择指导课,"【2023年12月1日张雪峰讲升学规划（完整版）-哔哩哔哩】 https://b23.tv/aYqoBXO
https://b23.tv/nF7F4bq https://b23.tv/NkouCEB【2023年11月7日第二场张雪峰讲考研规划（完整版）-哔哩哔哩】 https://b23.tv/SLgkgN1【2023年11月7日第一场张雪峰讲考研规划（完整版）-哔哩哔哩】 https://b23.tv/2XXzdoR",1701655789,93404819,听张雪峰讲升学规划,https://i2.hdslb.com/bfs/face/2e38c794fbe65be9e74bc53d909ba1fe61bdea15.jpg,1083,0,36447,1212,449,219,130,545,1.76522E+12,https://www.bilibili.com/video/av366691365,http://i2.hdslb.com/bfs/archive/3247073f26323d1ea2cd7607e3d45834574fd393.jpg,张雪峰 专业推荐
1504991039,video,550分家长求稳定工作的专业推荐,550分家长求稳定工作的专业推荐,1716099343,3.53711E+15,张雪峰直播精选,https://i1.hdslb.com/bfs/face/59a1a1f085c17a27f546958c8445d79459952aac.jpg,215,0,8706,187,88,12,3,30,1.76522E+12,https://www.bilibili.com/video/av1504991039,http://i0.hdslb.com/bfs/archive/1462122dd600238947ea872deade7d4da62e300b.jpg,张雪峰 专业推荐
1.15671E+14,video,30岁博士毕业月薪一万五，张雪峰谈化学类专业现状,30岁博士毕业月薪一万五，张雪峰谈化学类专业现状,1765014300,652522840,张雪峰说考研考公,https://i1.hdslb.com/bfs/face/d641253ccbee6e9dec7af52156ae37c4488f77b1.jpg,2238,0,58486,279,42,21,21,89,1.76522E+12,https://www.bilibili.com/video/av115671488793293,http://i0.hdslb.com/bfs/archive/d0e547dbec99e41533d8891f59b7f0a2ec7f18c3.jpg,张雪峰 专业推荐
1755590364,video,【张雪峰】见到马上跑的专业,,1718147400,443345922,张雪峰助考助研,https://i0.hdslb.com/bfs/face/16c02b4011b9011b9dea6357fab89df56df78d4f.jpg,48381,0,1418187,15938,4295,630,361,2116,1.76522E+12,https://www.bilibili.com/video/av1755590364,http://i2.hdslb.com/bfs/archive/fa1bdb3cebaed6996a3a138e7566589e2ff971b5.jpg,张雪峰 专业推荐
1005766451,video,张雪峰最新讲解考公专业，这是最全的一次。,-,1719242716,195794393,峰乐一,https://i2.hdslb.com/bfs/face/04e65619004809c677b0b9d0dbf2fde285609452.jpg,359,0,28490,588,302,59,8,32,1.76522E+12,https://www.bilibili.com/video/av1005766451,http://i0.hdslb.com/bfs/archive/67966fcce050476f705163ce7aca6c6f0830abf1.png,张雪峰 专业推荐
366691365,video,张雪峰讲2025年考研专业院校选择指导课,"【2023年12月1日张雪峰讲升学规划（完整版）-哔哩哔哩】 https://b23.tv/aYqoBXO
https://b23.tv/nF7F4bq https://b23.tv/NkouCEB【2023年11月7日第二场张雪峰讲考研规划（完整版）-哔哩哔哩】 https://b23.tv/SLgkgN1【2023年11月7日第一场张雪峰讲考研规划（完整版）-哔哩哔哩】 https://b23.tv/2XXzdoR",1701655789,93404819,听张雪峰讲升学规划,https://i2.hdslb.com/bfs/face/2e38c794fbe65be9e74bc53d909ba1fe61bdea15.jpg,1083,0,36447,1212,449,219,130,545,1.76522E+12,https://www.bilibili.com/video/av366691365,http://i2.hdslb.com/bfs/archive/3247073f26323d1ea2cd7607e3d45834574fd393.jpg,张雪峰 专业推荐
1.15377E+14,video,赛博死刑！传奇考研名师张雪峰为何一夜暴雷？,"千万级IP一夜归零！超级网红张雪峰为何暴毙？

网红/ 达人/ KOL / UP主
如何面对网络舆情？
专业公关 帮你做更赚钱的博主

【公关业务爆单，园区招人！！！】
【招聘信息请看置顶动态！！！】",1760521108,1440295,一个凡老师,https://i1.hdslb.com/bfs/face/fd4825f62616a64079d52c03a51c1895c5c9f102.jpg,48720,0,1779420,14567,3820,8247,9721,5355,1.76522E+12,https://www.bilibili.com/video/av115377434531827,http://i1.hdslb.com/bfs/archive/cd535bbe1cf3acbad0429c7df302e3f600b024fa.jpg,张雪峰 专业推荐
1.13192E+14,video,普通家庭孩子出路在哪？张雪峰配享太庙,普通家庭孩子出路在哪？张雪峰配享太庙,1727179374,694728656,张雪峰高考讲座,https://i2.hdslb.com/bfs/face/81f2b3a23894fe6dc460619705475732819075a8.jpg,3641,0,193680,5550,2318,662,227,168,1.76522E+12,https://www.bilibili.com/video/av113192369921984,http://i0.hdslb.com/bfs/archive/367b5db326638f9fd324ad3ed237e0b3e8016a93.jpg,张雪峰 专业推荐
1.15418E+14,video,张雪峰大学专业介绍完整版,,1761135046,3.54689E+15,金炎学院2,https://i1.hdslb.com/bfs/face/3d065608ca4d2fd49afd2ccc915b416db188f1b5.jpg,44,0,3926,224,72,8,1,0,1.76522E+12,https://www.bilibili.com/video/av115417666297803,http://i0.hdslb.com/bfs/archive/7647c21fce6986ec3dc877444636ad511a39f82d.jpg,张雪峰 专业推荐
1005766451,video,张雪峰最新讲解考公专业，这是最全的一次。,-,1719242716,195794393,峰乐一,https://i2.hdslb.com/bfs/face/04e65619004809c677b0b9d0dbf2fde285609452.jpg,359,0,28490,588,302,59,8,32,1.76522E+12,https://www.bilibili.com/video/av1005766451,http://i0.hdslb.com/bfs/archive/67966fcce050476f705163ce7aca6c6f0830abf1.png,张雪峰 专业推荐
1605673684,video,电子信息类专业中稳定赚钱的专业推荐,老张再次讲报考逻辑,1718347899,3.53711E+15,张雪峰直播精选,https://i1.hdslb.com/bfs/face/59a1a1f085c17a27f546958c8445d79459952aac.jpg,1325,0,52054,1327,408,87,28,83,1.76522E+12,https://www.bilibili.com/video/av1605673684,http://i2.hdslb.com/bfs/archive/bf0670780ff6fd2dfe9027a49f1c9721e9f443bd.jpg,张雪峰 专业推荐
601898340,video,【张雪峰】想跨考一个好考又赚钱的专业，悄悄告诉你,,1660297007,1325837165,张雪峰说考研,https://i2.hdslb.com/bfs/face/7ab85d7af8d8d838bb1b9d54e54289ab17dc454f.jpg,8309,0,562607,4382,1316,393,141,633,1.76522E+12,https://www.bilibili.com/video/av601898340,http://i2.hdslb.com/bfs/archive/98edd4f5402525b8881b0d50f308dc720a4fdf5a.jpg,张雪峰 专业推荐
1.15671E+14,video,30岁博士毕业月薪一万五，张雪峰谈化学类专业现状,30岁博士毕业月薪一万五，张雪峰谈化学类专业现状,1765014300,652522840,张雪峰说考研考公,https://i1.hdslb.com/bfs/face/d641253ccbee6e9dec7af52156ae37c4488f77b1.jpg,2238,0,58503,279,42,21,21,89,1.76522E+12,https://www.bilibili.com/video/av115671488793293,http://i0.hdslb.com/bfs/archive/d0e547dbec99e41533d8891f59b7f0a2ec7f18c3.jpg,张雪峰 专业推荐
1955841320,video,刚过二本线报什么专业？张雪峰毫无保留，倾囊相授,刚过二本线报什么专业？张雪峰毫无保留，倾囊相授,1719228725,1025592457,张雪峰谈高考就业,https://i1.hdslb.com/bfs/face/1744b38a8a64eafe17ac78a69e0558abd4bb43ca.jpg,6283,0,320266,4819,3079,340,119,2150,1.76522E+12,https://www.bilibili.com/video/av1955841320,http://i2.hdslb.com/bfs/archive/e0b1d358d7b708b2b8a61804e142f4033fc31627.jpg,张雪峰 专业推荐
1.15662E+14,video,就业地域性极强的几类专业，在哪上学基本就在哪工作了,就业地域性极强的几类专业，在哪上学基本就在哪工作了,1764905400,652522840,张雪峰说考研考公,https://i1.hdslb.com/bfs/face/d641253ccbee6e9dec7af52156ae37c4488f77b1.jpg,105,0,3429,83,10,4,2,0,1.76522E+12,https://www.bilibili.com/video/av115661724584376,http://i1.hdslb.com/bfs/archive/9431f175731bca03cec9402eac502eec802fd771.jpg,张雪峰 专业推荐
1.14402E+14,video,生物 哪些专业好就业？张雪峰良心推荐！,,1746313200,433174409,雪峰说规划,https://i2.hdslb.com/bfs/face/56421019a4b37d670823962ed79b433686fb0d29.jpg,382,0,36822,181,126,14,3,15,1.76522E+12,https://www.bilibili.com/video/av114401789149296,http://i1.hdslb.com/bfs/archive/9d6ea9a4c4fdc9ef0080a0ed2c75b4aee822d203.jpg,张雪峰 专业推荐
1802368315,video,张雪峰告诉你，那些专业毕业包分配！,-,1711719024,3.49328E+15,张老师讲升学,https://i0.hdslb.com/bfs/face/f4609c98e8b7c1d81faf55e3d797577fa6f0fb93.jpg,54,0,5450,14,26,0,2,2,1.76522E+12,https://www.bilibili.com/video/av1802368315,http://i2.hdslb.com/bfs/archive/b4a44bc7ff10407508a7dc672143dc8b7fdb2ff8.jpg,张雪峰 专业推荐
1.14704E+14,video,女孩适合学什么理工科？张雪峰全面解答,女孩适合学什么理工科？张雪峰全面解答,1750238814,652522840,张雪峰说考研考公,https://i1.hdslb.com/bfs/face/d641253ccbee6e9dec7af52156ae37c4488f77b1.jpg,1739,0,138117,1817,774,56,29,315,1.76522E+12,https://www.bilibili.com/video/av114703644756481,http://i1.hdslb.com/bfs/archive/654347740fe827ed257217fece2661c94bebab9a.jpg,张雪峰 专业推荐
285327983,video,【张雪峰】十大热门报考专业详解（金融、会计、计算机、法硕等）,张老师最新回应出演《大鱼》（哈哈哈别怀疑，就是你们的张老师）,1587006309,476525925,研途考研教育,https://i0.hdslb.com/bfs/face/5835f77439f3596346e122ad010e2ea76954bb54.jpg,9546,0,577621,11297,5621,2411,3396,540,1.76522E+12,https://www.bilibili.com/video/av285327983,http://i2.hdslb.com/bfs/archive/5f1f3f63397e074347abcbbb2de21eed7d3425ca.jpg,张雪峰 专业推荐
451537852,video,张雪峰对农学类专业的看法合集。要想在某个领域做到最出色，农学是最具性价比的。,-,1701359730,592369997,南姐站起来,https://i2.hdslb.com/bfs/face/74c79572b46090e01a06be86a9103d95a117aa28.jpg,696,0,59708,489,361,41,110,278,1.76522E+12,https://www.bilibili.com/video/av451537852,http://i0.hdslb.com/bfs/archive/3add4f9e61a07e5dcdaf3d45af1ddfcbd9885ac3.jpg,张雪峰 专业推荐
1.14204E+14,video,张雪峰推荐农学专业,-,1742943000,513965468,张雪峰直播讲高考,https://i2.hdslb.com/bfs/face/928bc9925bd5e51f5ef2d19e300d8c200ce89eb6.jpg,196,0,16750,120,49,14,1,16,1.76522E+12,https://www.bilibili.com/video/av114204304607847,http://i2.hdslb.com/bfs/archive/65335ef5d97f57892e63bf7ddcbf665c102168ef.jpg,张雪峰 专业推荐
1754693301,video,女生本科毕业有好就业的专业推荐吗,女生本科毕业有好就业的专业推荐吗,1715742661,3.53711E+15,张雪峰直播精选,https://i1.hdslb.com/bfs/face/59a1a1f085c17a27f546958c8445d79459952aac.jpg,460,0,42304,248,357,39,21,15,1.76522E+12,https://www.bilibili.com/video/av1754693301,http://i0.hdslb.com/bfs/archive/dddbd832a02cb9902ab2200974fc2c399b6159ac.jpg,张雪峰 专业推荐
562594042,video,张雪峰告诉你，这些专业千万别报,-,1668392462,218700921,心灵观影,https://i0.hdslb.com/bfs/face/4ad1bbfc1f9aa13bab64157ffc1c61560e262f62.jpg,1492,0,41720,377,186,35,25,170,1.76522E+12,https://www.bilibili.com/video/av562594042,http://i0.hdslb.com/bfs/archive/baa524bded345f3e39bffccadd9d0da53ddf3cde.jpg,张雪峰 专业推荐
1.15668E+14,video,从“名下无砖”到“私募LP”，从张雪峰到差点“张雪封”，起底他的商业逻辑和资本布局,-,1764986400,622929161,老猪解读,https://i2.hdslb.com/bfs/face/efba8e7463329903dda018b25a7c75998704d9c6.jpg,3618,0,196952,2573,406,669,479,924,1.76522E+12,https://www.bilibili.com/video/av115667948804803,http://i2.hdslb.com/bfs/archive/014f602f2cd51d112d56f312a2216efba843f5c8.jpg,张雪峰 专业推荐
1.15321E+14,video,现在就业形势很好的几类专业，性格内向的孩子也适合！,现在就业形势很好的几类专业，性格内向的孩子也适合！,1759656649,652522840,张雪峰说考研考公,https://i1.hdslb.com/bfs/face/d641253ccbee6e9dec7af52156ae37c4488f77b1.jpg,715,0,44202,955,135,47,42,66,1.76522E+12,https://www.bilibili.com/video/av115320844978603,http://i0.hdslb.com/bfs/archive/3d04806f37c559043b9b463d83a8a2d9634a5d6d.jpg,张雪峰 专业推荐
1.15614E+14,video,大学生找工作为什么这么难？张雪峰一语道破,大学生找工作为什么这么难？张雪峰一语道破,1764131772,3.54657E+15,张雪峰说考研就业,https://i2.hdslb.com/bfs/face/32f57f888f2a89cb511d52107514a9e274835fa4.jpg,252,0,7040,110,16,2,6,10,1.76522E+12,https://www.bilibili.com/video/av115614127556752,http://i0.hdslb.com/bfs/archive/9eea74f1b7a74253410364866bb2279910fc5c9b.jpg,张雪峰 专业推荐
1.12919E+14,video,张雪峰：带物理的专业,,1723001531,522511989,张雪峰直播讲升学,https://i0.hdslb.com/bfs/face/f50fa605c7230a9fd52c495fc9e41f2a170aaeee.jpg,70,0,3091,90,39,2,5,4,1.76522E+12,https://www.bilibili.com/video/av112918599369252,http://i1.hdslb.com/bfs/archive/9e273720894f7b9f2243e5c8956c6035c24b00e5.jpg,张雪峰 专业推荐
1.15258E+14,video,普通家庭的女孩子学啥专业最吃香？,,1758706200,3.54683E+15,框框看升学,https://i0.hdslb.com/bfs/face/d2fc38c4cd27af93c61082e2a4eb45bc31a02fa1.jpg,1309,0,49924,934,192,49,40,167,1.76522E+12,https://www.bilibili.com/video/av115257913643175,http://i2.hdslb.com/bfs/archive/eaf67930c03fe0d9705926ac393d92f98379298a.jpg,张雪峰 专业推荐
1005721415,video,490分求公办院校和专业推荐,490分求公办院校和专业推荐,1718092313,3.53711E+15,张雪峰直播精选,https://i1.hdslb.com/bfs/face/59a1a1f085c17a27f546958c8445d79459952aac.jpg,366,0,18928,242,107,18,9,46,1.76522E+12,https://www.bilibili.com/video/av1005721415,http://i0.hdslb.com/bfs/archive/f9b2ec1d59733adb70c18a1724653ea5d5018ccf.jpg,张雪峰 专业推荐
1.1565E+14,video,色盲色弱有多影响人生？ 张雪峰一语道破！,,1765148700,433174409,雪峰说规划,https://i2.hdslb.com/bfs/face/56421019a4b37d670823962ed79b433686fb0d29.jpg,13,0,1221,5,0,0,0,0,1.76522E+12,https://www.bilibili.com/video/av115649930070810,http://i2.hdslb.com/bfs/archive/70a7013932d7623dd413881b6566c8e311533862.jpg,张雪峰 专业推荐
1.15432E+14,video,理科女孩选什么专业好就业？,,1761360246,3.54695E+15,平老师讲升学,https://i0.hdslb.com/bfs/face/105dae8b9504672594576fe26e97f5142b1263ce.jpg,17,0,829,22,8,1,1,1,1.76522E+12,https://www.bilibili.com/video/av115432480572547,http://i1.hdslb.com/bfs/archive/46faafedf09b6ae2695177ab275925a7b711f356.jpg,张雪峰 专业推荐
989800034,video,【张雪峰】想拍短视频做自媒体，学啥专业不能做啊,,1672825559,1325837165,张雪峰说考研,https://i2.hdslb.com/bfs/face/7ab85d7af8d8d838bb1b9d54e54289ab17dc454f.jpg,313,0,15837,92,80,10,8,1,1.76522E+12,https://www.bilibili.com/video/av989800034,http://i0.hdslb.com/bfs/archive/9ba9a086230be8ae10cb2717e94a09561f9f75e8.jpg,张雪峰 专业推荐
881177765,video,什么专业可以满世界游历，张雪峰:我就知道这仨。,-,1705058293,195794393,峰乐一,https://i2.hdslb.com/bfs/face/04e65619004809c677b0b9d0dbf2fde285609452.jpg,2902,0,344564,1932,184,49,467,688,1.76522E+12,https://www.bilibili.com/video/av881177765,http://i2.hdslb.com/bfs/archive/376e1d6ad99ccb78c6f7791dd9bd73841bd0bb8e.jpg,张雪峰 专业推荐
1.15508E+14,video,大学选什么专业最容易考公？,,1762511144,3.63231E+15,红帽学长_高考精华版,https://i1.hdslb.com/bfs/face/9f3faa2733b2331b1fbc48687726adc8225a98e9.jpg,9,0,230,15,1,0,0,0,1.76522E+12,https://www.bilibili.com/video/av115507927784731,http://i0.hdslb.com/bfs/archive/85dba81b3e828750099c44b8bd2d8ceb11085dae.jpg,张雪峰 专业推荐
997792653,video,考研最挣钱的10大专业详细分析，跨专业首选！,"对于绝大部分考生来说，我们选择考研必须要考虑的一个因素就是毕业以后“钱景”怎么样，我硕士毕业以后，是不是能比本科毕业挣更多的钱，让我们能过上更好的生活，这条视频帮大家详细分析考研最挣钱的10大专业，我总结的最后一个专业啊，你绝对想不到，提供给大家参考，内容十分详细，大家认真听。
第一就是经济类方向的专业，尤其是应用经济学和金融专硕，当然，国际商务的前景也十分看好，现在用人单位对于经济类这个人才需求是非常大的，研究生毕业的就业机会和就业范围也会很广，比如说证券、银行、信托、保险、基金、税务以及国际贸易等，这真是一个就业前景非常好的的方向，提醒大家的是，如有可能，经济累的专业还是尽量考名校，我可以很负责任地告诉大家，很多企业对于名校生是情有独钟的。
第二就是会计方向，当然也包含审计专业哈，会计这个专业一直都很火爆，但凡任何一所本科院校都会有会计专业，所以说会计行业的竞争是很大的，但是如果你作为会计专业的研究生再加上高级会计证或者CPA，那发展“钱途”就完全不一样了，就直接对标五百强企业和外企的高级财务人员了。
第三是计算机的方向哈，计算机考研一共有8个方向，0812计算机科学技术，0835",1688120044,477880680,黄一老师,https://i0.hdslb.com/bfs/face/60bba4506e13f3a6230e61096c9240382eb4f51e.jpg,85,0,13599,67,20,0,4,25,1.76522E+12,https://www.bilibili.com/video/av997792653,http://i0.hdslb.com/bfs/archive/54a7cb848488f9173c9bc86233d9bf6deca87096.jpg,张雪峰 专业推荐
1855991131,video,女生545分不喜欢物理化学求专业推荐,女生545分不喜欢物理化学求专业推荐,1719300816,3.53711E+15,张雪峰直播精选,https://i1.hdslb.com/bfs/face/59a1a1f085c17a27f546958c8445d79459952aac.jpg,26,0,1838,25,13,1,1,5,1.76522E+12,https://www.bilibili.com/video/av1855991131,http://i2.hdslb.com/bfs/archive/184df2214f9eea981e77d678847bcf79db7b98f1.jpg,张雪峰 专业推荐
1.1567E+14,video,大一新生能考虑这么多，张雪峰：这孩子真的很厉害！,大一新生能考虑这么多，张雪峰：这孩子真的很厉害！,1764984229,3.54659E+15,张雪峰谈考研考公,https://i0.hdslb.com/bfs/face/a7fbe6f931530ac03d4f5a5769d2facd8433122c.jpg,14,0,673,15,0,3,0,0,1.76522E+12,https://www.bilibili.com/video/av115669995622784,http://i1.hdslb.com/bfs/archive/9ae6f43bb35ea4d9ae89e569daa28bc43753bd04.jpg,张雪峰 专业推荐
1.1566E+14,video,2025.12.4张雪峰讲升学规划（完整版无广告）,-,1764832628,363367882,百术一清,https://i1.hdslb.com/bfs/face/8a15949b8e5dedffa639c781067923ab9edfdfa7.jpg,24,0,777,22,4,8,1,2,1.76522E+12,https://www.bilibili.com/video/av115660029952434,http://i2.hdslb.com/bfs/archive/107271a06549687398f01612f3981a24548038f2.jpg,张雪峰 专业推荐
826639894,video,河南学生460分，看看张雪峰老师推荐什么专业！,-,1685449371,3.49314E+15,张雪峰讲考公考编,https://i2.hdslb.com/bfs/face/59d0cccb30d5e8a26c786ac39300576b89239486.jpg,154,0,17675,108,198,16,1,6,1.76522E+12,https://www.bilibili.com/video/av826639894,http://i2.hdslb.com/bfs/archive/6725fd91ec317ad1ff165ca5d1f17b70bd67ab4d.jpg,张雪峰 专业推荐
1.139E+14,video,想报航空航空类专业，张雪峰深度解读,,1738894500,433174409,雪峰说规划,https://i2.hdslb.com/bfs/face/56421019a4b37d670823962ed79b433686fb0d29.jpg,245,0,23485,108,41,6,3,15,1.76522E+12,https://www.bilibili.com/video/av113900284543489,http://i1.hdslb.com/bfs/archive/aeda578365afdd04e487ccbca17cb2ffc53399a1.jpg,张雪峰 专业推荐
1305122431,video,【张雪峰】判断孩子适合什么专业，四个顺势而为即可,,1717197900,443345922,张雪峰助考助研,https://i0.hdslb.com/bfs/face/16c02b4011b9011b9dea6357fab89df56df78d4f.jpg,5547,0,203884,7167,3228,368,163,158,1.76522E+12,https://www.bilibili.com/video/av1305122431,http://i1.hdslb.com/bfs/archive/399b76eabb1192424787fd79e1dd7c807a0a2db1.jpg,张雪峰 专业推荐
1950740586,video,张雪峰热推专业之电子信息真实现状！不要盲目入坑！,-,1708042778,1179985986,张雪峰升学规划小讲堂,https://i0.hdslb.com/bfs/face/bc8ff701ebc0df758ba788bf99a09c3871f596a7.jpg,754,0,80403,561,331,46,48,256,1.76522E+12,https://www.bilibili.com/video/av1950740586,http://i1.hdslb.com/bfs/archive/5d310f6d978bbbbcb6355b847eeb48bdd98b5f63.jpg,张雪峰 专业推荐
1.1557E+14,video,大学毕业去哪些城市工作？张雪峰谈药学就业前景,大学毕业去哪些城市工作？张雪峰谈药学就业前景,1763462484,652522840,张雪峰说考研考公,https://i1.hdslb.com/bfs/face/d641253ccbee6e9dec7af52156ae37c4488f77b1.jpg,162,0,6159,62,9,1,11,12,1.76522E+12,https://www.bilibili.com/video/av115570271848453,http://i2.hdslb.com/bfs/archive/a4eb2a8c368e3b4e7609eebfc6275a1742c75171.jpg,张雪峰 专业推荐
1501480493,video,张雪峰高考志愿填报合集,"www.baidu.com
仅用于交流学习，版权归原作者享有，如有侵权联系删除！",1709796744,1389337157,本来应该游刃有余,https://i2.hdslb.com/bfs/face/f2ee9299aec29b1fa5195a0605b73741429ba1db.jpg,2676,0,144724,7457,6678,470,153,56,1.76522E+12,https://www.bilibili.com/video/av1501480493,http://i1.hdslb.com/bfs/archive/161a81a981236ca4bd6a0c0f14def134aee70e0d.jpg,张雪峰 专业推荐
1.14908E+14,video,普通家庭孩子千万别碰这专业！张雪峰说的都是大实话,普通家庭孩子千万别碰这专业！张雪峰说的都是大实话,1753352243,652522840,张雪峰说考研考公,https://i1.hdslb.com/bfs/face/d641253ccbee6e9dec7af52156ae37c4488f77b1.jpg,870,0,69080,398,86,24,88,108,1.76522E+12,https://www.bilibili.com/video/av114907672612709,http://i1.hdslb.com/bfs/archive/6c5d0c56952662f61c46ce9405c48762d1adc4f9.jpg,张雪峰 专业推荐
1.155E+14,video,女生550想学理工科，专业如何选？,-,1762394018,395944088,张雪峰直播课,https://i2.hdslb.com/bfs/face/a60d63ed5ade6b6eb888c297f2360fed1181ed6b.jpg,33,0,1512,26,10,0,0,10,1.76522E+12,https://www.bilibili.com/video/av115500243818308,http://i2.hdslb.com/bfs/archive/f7f9c3fe24613bc49ad0e97b2104f1f8e079cc74.jpg,张雪峰 专业推荐
1.15616E+14,video,211大学能量有多大？ 张雪峰一语道破！,,1764802800,433174409,雪峰说规划,https://i2.hdslb.com/bfs/face/56421019a4b37d670823962ed79b433686fb0d29.jpg,18,0,1300,15,1,0,0,0,1.76522E+12,https://www.bilibili.com/video/av115615738102923,http://i2.hdslb.com/bfs/archive/28aff973acb1c4231a6bea7641f355df2646a138.jpg,张雪峰 专业推荐
1555578505,video,【张雪峰】车辆工程专业的优缺点,-,1718097300,443345922,张雪峰助考助研,https://i0.hdslb.com/bfs/face/16c02b4011b9011b9dea6357fab89df56df78d4f.jpg,1798,0,183679,823,504,82,189,648,1.76522E+12,https://www.bilibili.com/video/av1555578505,http://i2.hdslb.com/bfs/archive/d664eb647b4ee3c422a18b4343c1f91c3a9c5584.jpg,张雪峰 专业推荐
1.14755E+14,video,大学专业热度排名,"排名时间：2011 - 2025 每年的6月、7月、8月
排名数据：来自百度指数 http://index.baidu.com/v2/index.html 
参与排名数据范围：https://www.bilibili.com/opus/1083151912714371073
如果大家想继续看其他类型的排名数据，麻烦在评论区告诉我。 
整理数据不易，点赞越多，更新越快。",1751028527,266740001,真实排行,https://i2.hdslb.com/bfs/face/0ccaf3fd844f681ce43a8cbfa03de378d6d882f4.jpg,103,0,13524,51,39,8,2,23,1.76522E+12,https://www.bilibili.com/video/av114755402532110,http://i2.hdslb.com/bfs/archive/d2978d5cfad86654500e4d952d9c7fef1f3a25c3.jpg,张雪峰 专业推荐
24555693,video,张雪峰：我看好这三大类专业，毕业就业没问题,微信关注“ME途时间”，获取报考干货！,1528462025,318426623,ME途时间,https://i2.hdslb.com/bfs/face/1b6df82494b517814814f112583eb3e51900abbb.jpg,18389,0,2219151,11630,6629,1331,3001,3329,1.76522E+12,https://www.bilibili.com/video/av24555693,http://i1.hdslb.com/bfs/archive/9f4e9b301d73d1d2dc9e208d78c891204cbc10da.jpg,张雪峰 专业推荐
1.1476E+14,video,【张雪峰】计算机专业优劣势分析就业情况,-,1751105411,629303415,张雪峰高考志愿2025,https://i0.hdslb.com/bfs/face/a8ad98d0f18259f5ff26ec082dfd3486d139586e.jpg,479,0,48256,290,186,28,79,243,1.76522E+12,https://www.bilibili.com/video/av114760435698530,http://i1.hdslb.com/bfs/archive/96895a33931209d53e2c679eb389c6a0de6f7b46.jpg,张雪峰 专业推荐
1.15457E+14,video,孩子生物化学好 物理差！快来瞄准这个“宝藏”专业！ #张雪峰 #26考研一定上岸 #宝藏专业 #南药北药 #专业规划,,1761728625,1298908809,张雪峰老师聊考研,https://i0.hdslb.com/bfs/face/b7542221883a8b22456bc661e4dc656a772d6a89.jpg,29,0,1493,16,4,0,0,3,1.76522E+12,https://www.bilibili.com/video/av115456639765089,http://i0.hdslb.com/bfs/archive/f3663990795775a572cb067c3fe287ea9265e36a.jpg,张雪峰 专业推荐
1.14619E+14,video,【张雪峰】四大热门专业，哪一个才是你的天选赛道,,1748993400,443345922,张雪峰助考助研,https://i0.hdslb.com/bfs/face/16c02b4011b9011b9dea6357fab89df56df78d4f.jpg,733,0,30251,845,333,44,2,84,1.76522E+12,https://www.bilibili.com/video/av114619406352437,http://i1.hdslb.com/bfs/archive/beabf310216722564393bb7be5505a62924e20cd.jpg,张雪峰 专业推荐
1.15049E+14,video,20分钟速通所有专业的就业出路！能干啥？挣多少？,谁没事儿看简介啊,1755512397,40427625,取景框看世界,https://i0.hdslb.com/bfs/face/0d671560a6dd7f28247b3b7501d404a5b01280ea.jpg,23472,0,380620,23415,2653,7312,445,1311,1.76522E+12,https://www.bilibili.com/video/av115049238826205,http://i2.hdslb.com/bfs/archive/7529e7fd6e3d3b43abec81cf9bbd0d77d5e1d800.jpg,张雪峰 专业推荐
920761670,video,张雪峰：哪些专业工作稳定，收入不错，不卷？,,1699709887,501281795,冥想的火柴,https://i2.hdslb.com/bfs/face/86fc95309917b250fbfc168fbcb09ba0efded30e.jpg,36,0,6630,32,18,2,2,3,1.76522E+12,https://www.bilibili.com/video/av920761670,http://i1.hdslb.com/bfs/archive/59a2e740428944b5d01ecbbc0bb8659e2d20c560.jpg,张雪峰 专业推荐
997859437,video,张雪峰讲高薪专业方向:3-数学专业（学校档次要高）,-,1687857246,93404819,听张雪峰讲升学规划,https://i2.hdslb.com/bfs/face/2e38c794fbe65be9e74bc53d909ba1fe61bdea15.jpg,2036,0,115232,1985,1564,397,1727,591,1.76522E+12,https://www.bilibili.com/video/av997859437,http://i0.hdslb.com/bfs/archive/797c1d21c711ebb5537bfaf6895345269493820a.jpg,张雪峰 专业推荐
1255952184,video,张雪峰：见到马上跑的专业！不要自己往坑里跳,,1719102000,3.49327E+15,张雪峰教育讲座,https://i2.hdslb.com/bfs/face/c12f05bba2006257c6f794aad047a823ba709831.jpg,19724,0,376760,6021,2278,308,129,1135,1.76522E+12,https://www.bilibili.com/video/av1255952184,http://i1.hdslb.com/bfs/archive/4266a6975375ccf8d5eca7564b362edf3611be79.jpg,张雪峰 专业推荐
953255218,video,为什么国际贸易、国际关系专业让张雪峰如此排斥？,-,1683305069,366026048,自去静心,https://i2.hdslb.com/bfs/face/3ef65cc4616a608ce0daab7be65e5a017e34c2e5.jpg,1273,0,168405,751,468,41,253,579,1.76522E+12,https://www.bilibili.com/video/av953255218,http://i1.hdslb.com/bfs/archive/f47cac5aece1b7fe0814b247685235ebb9c9911e.jpg,张雪峰 专业推荐
1.15415E+14,video,张雪峰说：这8个专业，通家庭的孩子慎选！,,1761098373,2015930815,惠老师聊职业生涯,https://i1.hdslb.com/bfs/face/b02a78f50f2bae8a5fe9a2a86786fee56b5b9dbb.jpg,7003,0,30504,672,10,0,18,32,1.76522E+12,https://www.bilibili.com/video/av115415334257263,http://i0.hdslb.com/bfs/archive/f6727b6379d95e479a47e5dc84832b2149d3faff.jpg,张雪峰 专业推荐
1.15647E+14,video,如何评价数字媒体艺术专业？张雪峰要笑疯了,如何评价数字媒体艺术专业？张雪峰要笑疯了,1764638350,3.54659E+15,张雪峰谈考研考公,https://i0.hdslb.com/bfs/face/a7fbe6f931530ac03d4f5a5769d2facd8433122c.jpg,12,0,875,14,3,2,0,1,1.76522E+12,https://www.bilibili.com/video/av115647329605509,http://i2.hdslb.com/bfs/archive/178f2c391db04e17b0bcb2e90027643268cf31af.jpg,张雪峰 专业推荐
1.15452E+14,video,内向的理科生未来出路！ 张雪峰一针见血,,1762387200,433174409,雪峰说规划,https://i2.hdslb.com/bfs/face/56421019a4b37d670823962ed79b433686fb0d29.jpg,25,0,1855,36,6,2,0,7,1.76522E+12,https://www.bilibili.com/video/av115451807927327,http://i2.hdslb.com/bfs/archive/746b720e8ddf775ee8781adb4c1e21a790b7f461.jpg,张雪峰 专业推荐
1151367177,video,有理想有抱负为国家贡献 张雪峰认为选专业不选行业,,1709649791,1647487087,张雪峰谈升学,https://i1.hdslb.com/bfs/face/04a9e1c4898f2a7e02067cc24e46532c6eaea212.jpg,46,0,2197,16,4,0,0,0,1.76522E+12,https://www.bilibili.com/video/av1151367177,http://i1.hdslb.com/bfs/archive/cf34f97d7a625a2dfdff1e96b6230cc4d9096314.jpg,张雪峰 专业推荐
888749257,video,【工学篇】B站专业选择指南,视频素材来源 up主：取景框看世界,1623757666,517491339,好奇星人知识喵,https://i0.hdslb.com/bfs/face/68aab50c87e438dfc4f213f219667bf194ebbcc1.jpg,6444,0,334986,9319,5994,866,390,575,1.76522E+12,https://www.bilibili.com/video/av888749257,http://i1.hdslb.com/bfs/archive/a088bdc6ce6c1fcfb663b13443d1097cf5617a5e.jpg,张雪峰 专业推荐
1.15632E+14,video,为什么张雪峰什么专业都懂？,为什么张雪峰什么专业都懂？_1579,1764401936,3.54697E+15,风田行WoX,https://i0.hdslb.com/bfs/face/member/noface.jpg,3,0,681,1,0,0,0,1,1.76522E+12,https://www.bilibili.com/video/av115631827523815,http://i1.hdslb.com/bfs/archive/7c8a0c318c329f2729664549da4fc13aabf43a37.jpg,张雪峰 专业推荐
1.1567E+14,video,大一新生能考虑这么多，张雪峰：这孩子真的很厉害！,大一新生能考虑这么多，张雪峰：这孩子真的很厉害！,1764984229,3.54659E+15,张雪峰谈考研考公,https://i0.hdslb.com/bfs/face/a7fbe6f931530ac03d4f5a5769d2facd8433122c.jpg,14,0,673,15,0,3,0,0,1.76522E+12,https://www.bilibili.com/video/av115669995622784,http://i1.hdslb.com/bfs/archive/9ae6f43bb35ea4d9ae89e569daa28bc43753bd04.jpg,张雪峰 专业推荐
1405590639,video,【张雪峰】报考指南：分析农学专业的优缺点,,1718319600,443345922,张雪峰助考助研,https://i0.hdslb.com/bfs/face/16c02b4011b9011b9dea6357fab89df56df78d4f.jpg,806,0,69118,412,347,10,19,35,1.76522E+12,https://www.bilibili.com/video/av1405590639,http://i0.hdslb.com/bfs/archive/eead87f9f9487f92b74641440b44041b2cca0ddd.jpg,张雪峰 专业推荐
1.15642E+14,video,张雪峰老师是毕业于哪个学校哪个专业的？,-,1764554108,521864345,张老师讲高考考研,https://i2.hdslb.com/bfs/face/04796da45bc722c5274b3a95d56a4b5b95693a5b.jpg,7,0,756,1,0,0,0,1,1.76522E+12,https://www.bilibili.com/video/av115641809961309,http://i2.hdslb.com/bfs/archive/75f90e0359a3c7f6e8d1b53e4511cc3bf55a9424.jpg,张雪峰 专业推荐
534041552,video,张雪峰，哪些专业毕业之后薪资起点高，很容易年入30万。,-,1695905745,3.49309E+15,账号已注销,https://i0.hdslb.com/bfs/face/member/noface.jpg,374,0,30442,185,34,18,3,34,1.76522E+12,https://www.bilibili.com/video/av534041552,http://i2.hdslb.com/bfs/archive/2ae9eebe380d66678266e2f462721e90de8f63e9.jpg,张雪峰 专业推荐
1.14981E+14,video,锐评五大工科巨头专业,-,1754473855,3.54683E+15,上之研能动建环考研,https://i1.hdslb.com/bfs/face/e32d25d100b0f237fb63dd77aaebb351c66d2646.jpg,3148,0,257479,600,149,37,117,1261,1.76522E+12,https://www.bilibili.com/video/av114981173532409,http://i1.hdslb.com/bfs/archive/3feab0922835db8b131a911a62c870a3aa592d2c.jpg,张雪峰 专业推荐
1.14444E+14,video,清华北大的冷门专业你会去吗？张雪峰一针见血,清华北大的冷门专业你会去吗？张雪峰一针见血,1746273458,694728656,张雪峰高考讲座,https://i2.hdslb.com/bfs/face/81f2b3a23894fe6dc460619705475732819075a8.jpg,13227,0,564479,1249,286,275,1063,1085,1.76522E+12,https://www.bilibili.com/video/av114443748908002,http://i1.hdslb.com/bfs/archive/432e5011f3ca87eade5164ad12d24e01feab8cf4.jpg,张雪峰 专业推荐
1.15049E+14,video,20分钟速通所有专业的就业出路！能干啥？挣多少？,谁没事儿看简介啊,1755512397,40427625,取景框看世界,https://i0.hdslb.com/bfs/face/0d671560a6dd7f28247b3b7501d404a5b01280ea.jpg,23472,0,380620,23415,2653,7312,445,1311,1.76522E+12,https://www.bilibili.com/video/av115049238826205,http://i2.hdslb.com/bfs/archive/7529e7fd6e3d3b43abec81cf9bbd0d77d5e1d800.jpg,张雪峰 专业推荐
25790935,video,张雪峰：你们催着要的推荐，这些专业相当有盼头！,这么多专业，挑不过来？听听张雪峰老师怎么推荐的吧！,1530242088,318426623,ME途时间,https://i2.hdslb.com/bfs/face/1b6df82494b517814814f112583eb3e51900abbb.jpg,687,0,134835,855,534,59,189,186,1.76522E+12,https://www.bilibili.com/video/av25790935,http://i2.hdslb.com/bfs/archive/3ad18e86b82026cdd636d650520e4a68dc4a88e3.jpg,张雪峰 专业推荐
1.1396E+14,video,张雪峰：选择专业的十条铁律，所有家长一定要知道！#张雪峰 #家长必读 #孩子教育 #专业选择 #高考,-,1738893799,3.54681E+15,张雪峰课堂,https://i2.hdslb.com/bfs/face/30e5a2e565feffdbe717b5db60ba18f36f6e8f6e.jpg,5589,0,121994,7655,1940,191,15,56,1.76522E+12,https://www.bilibili.com/video/av113960128872817,http://i1.hdslb.com/bfs/archive/f9552ebc41cf5400ad1577e27eec3bef0dbaaf28.jpg,张雪峰 专业推荐
908657455,video,张雪峰，大数据专业在未来是非常吃香，基本都是年薪几十万。,-,1679177143,3.49309E+15,账号已注销,https://i0.hdslb.com/bfs/face/member/noface.jpg,2171,0,266487,1677,1128,93,13,590,1.76522E+12,https://www.bilibili.com/video/av908657455,http://i1.hdslb.com/bfs/archive/50e7c12ea811e6e3eac73b8740fa94d45012b379.jpg,张雪峰 专业推荐
1905857751,video,5分钟，快速盘点大学避雷专业,完整大学专业盘点之路：https://www.bilibili.com/video/BV1LW421R7M7/,1719414765,39460980,问问大象,https://i0.hdslb.com/bfs/face/621033f23c2d14c5c2af23bc0971449ef0229452.jpg,22094,0,339848,14481,2614,848,172,898,1.76522E+12,https://www.bilibili.com/video/av1905857751,http://i0.hdslb.com/bfs/archive/5bba552e16e94459b24456589378c5bf06902b84.jpg,张雪峰 专业推荐
1901792936,video,关于带化学的专业，张雪峰老师给出详细解读,-,1710382597,395944088,张雪峰直播课,https://i2.hdslb.com/bfs/face/a60d63ed5ade6b6eb888c297f2360fed1181ed6b.jpg,40,0,4568,26,19,2,0,0,1.76522E+12,https://www.bilibili.com/video/av1901792936,http://i0.hdslb.com/bfs/archive/77719c66ec9555eef9cd5874ff06665c4622e2e4.jpg,张雪峰 专业推荐
512622201,video,所有专业都在劝退！那大学还能读个啥？如何合理看待所有专业都劝退现象？,"志愿填报系列第3集，还想看什么，大家可以发在评论区哦，我6月份全都给你们肝出来！！！别忘了三连哦~

第1集 志愿填报工具：BV1cL4y1T7a4
第2集 专业性质科普：BV1CS4y1e7Gq
第4集 专业选择方法论：BV1xL4y1A73o
第5集 志愿填报避坑：BV1ng411X7MW
第6集 志愿填报方法论：BV1mv4y1g7cw",1655289153,40427625,取景框看世界,https://i0.hdslb.com/bfs/face/0d671560a6dd7f28247b3b7501d404a5b01280ea.jpg,45072,0,758587,12303,5860,8054,8119,3700,1.76522E+12,https://www.bilibili.com/video/av512622201,http://i1.hdslb.com/bfs/archive/a68e5f17d463ec000f72cc20c31d17a806cfcd7e.jpg,张雪峰 专业推荐
741915255,video,张雪峰：女生适合什么专业？,,1686034680,2140155552,张雪峰直播课堂,https://i0.hdslb.com/bfs/face/fc407dc3bdbc1708889d5e2011257858e042703f.jpg,644,0,105441,354,414,17,19,66,1.76522E+12,https://www.bilibili.com/video/av741915255,http://i1.hdslb.com/bfs/archive/cdb857cb194e607e93afff4a444e7648c92c436e.jpg,张雪峰 专业推荐
1.12942E+14,video,张雪峰：应急管理专业,,1723359042,522511989,张雪峰直播讲升学,https://i0.hdslb.com/bfs/face/f50fa605c7230a9fd52c495fc9e41f2a170aaeee.jpg,123,0,15903,37,57,3,1,20,1.76522E+12,https://www.bilibili.com/video/av112942003586264,http://i2.hdslb.com/bfs/archive/29b2f8dc16f50f94ca236195acb292f6c4b09558.jpg,张雪峰 专业推荐
1100645839,video,黄仁勋谈大学专业选择：「比起计算机，我会选择这门专业」,"https://fishc.com.cn/thread-240091-1-1.html

黄仁勋在谈论大学专业选择时，他认为比起计算机专业，他更倾向于选择生物医学工程专业。他指出，过去十年中，几乎每个站在台上的人都会告诉大家，学习计算机科学对于孩子来说非常重要。然而，现在每个人都可以成为程序员，技术鸿沟已经消失。他认为生物医学工程是复杂的科学领域，数字生物学将成为工程而非科学。",1708166218,3.46157E+15,鱼C论坛fishc-com-cn,https://i0.hdslb.com/bfs/face/a35e95a548c73e8ea29058444cc47d856baddba4.jpg,1394,0,273515,1237,756,40,49,518,1.76522E+12,https://www.bilibili.com/video/av1100645839,http://i2.hdslb.com/bfs/archive/43c81eba64d1282828723ef8461ef4248011a498.jpg,张雪峰 专业推荐
1.15527E+14,video,张雪峰:我以后真不敢再推荐专业了，只能更隐晦的讲了。,-,1762804334,195794393,峰乐一,https://i2.hdslb.com/bfs/face/04e65619004809c677b0b9d0dbf2fde285609452.jpg,97,0,5312,43,9,6,1,9,1.76522E+12,https://www.bilibili.com/video/av115527104071671,http://i0.hdslb.com/bfs/archive/e281be405ab7321dd63f124535ae529bccef44db.jpg,张雪峰 专业推荐
1501480493,video,张雪峰高考志愿填报合集,"www.baidu.com
仅用于交流学习，版权归原作者享有，如有侵权联系删除！",1709796744,1389337157,本来应该游刃有余,https://i2.hdslb.com/bfs/face/f2ee9299aec29b1fa5195a0605b73741429ba1db.jpg,2676,0,144724,7457,6678,470,153,56,1.76522E+12,https://www.bilibili.com/video/av1501480493,http://i1.hdslb.com/bfs/archive/161a81a981236ca4bd6a0c0f14def134aee70e0d.jpg,张雪峰 专业推荐
1.15433E+14,video,未来不会被AI取代的专业，张雪峰毫无保留,未来不会被AI取代的专业，张雪峰毫无保留,1761361751,3.54657E+15,张雪峰说考研就业,https://i2.hdslb.com/bfs/face/32f57f888f2a89cb511d52107514a9e274835fa4.jpg,151,0,9646,174,24,7,8,19,1.76522E+12,https://www.bilibili.com/video/av115432598013448,http://i0.hdslb.com/bfs/archive/1f772630c0763cdeaa1d4c5c723b8fac9700b8ee.jpg,张雪峰 专业推荐
408489207,video,张雪峰，半导体专业将来绝对是YYDS,-,1699960114,3.49438E+15,账号已注销,https://i0.hdslb.com/bfs/face/member/noface.jpg,111,0,15631,63,54,3,6,3,1.76522E+12,https://www.bilibili.com/video/av408489207,http://i2.hdslb.com/bfs/archive/a9a561d634f9c9f9654569090abe5cf41eb9dd6a.jpg,张雪峰 专业推荐
560857415,video,张雪峰院校推荐，什么专业好考又好就业,张雪峰院校推荐,1663848000,519549602,-子豪好闲-,https://i2.hdslb.com/bfs/face/349dd2ef50f12618f2bee2d49fdb975f7528899b.jpg,852,0,54023,316,198,18,4,42,1.76522E+12,https://www.bilibili.com/video/av560857415,http://i1.hdslb.com/bfs/archive/91f2dc771adf1b1e6cf68d108f2e94185a8f094e.jpg,张雪峰 专业推荐
1155928155,video,【张雪峰】文科专业，除了这三个都不建议,,1719653761,473917446,卡比兽真的云,https://i0.hdslb.com/bfs/face/16f38fe56aeb372b7a6b49f0d41208c5dad007c6.jpg,5303,0,367388,3232,2141,145,70,537,1.76522E+12,https://www.bilibili.com/video/av1155928155,http://i2.hdslb.com/bfs/archive/8a9b93c4172f961b7bad72698e11e3350295864c.jpg,张雪峰 专业推荐
1755864656,video,张雪峰说的没错，那我还要不要从事金融行业？,"尽管张雪峰有关金融行业的言论我大部分认同，但我依旧想分享一下我的个人观点。
本期视频很主观，很主观，仅供参考，请勿以我为准。
补充一下，张雪峰关于金融行业其实讲过很多内容，但直播切片为了吸引眼球就专挑比较激烈的部分来进行断章取义式分享，所以会带来较大的误解。",1719294981,23326926,柳行长,https://i0.hdslb.com/bfs/face/d868b0f12b680115b150cc9d1416f0dfea39c905.jpg,15730,0,667425,4925,1274,1548,2038,1825,1.76522E+12,https://www.bilibili.com/video/av1755864656,http://i1.hdslb.com/bfs/archive/75c60186867e44625669486ddb478ad15697b91f.jpg,张雪峰 专业推荐
1.15208E+14,video,张雪峰告诉你怎么找工作，这集学到太多了,-,1757933094,3.54697E+15,张雪峰考公考研知识_,https://i0.hdslb.com/bfs/face/fcc2e70fff7e2055b9cf0ff4c60ceafa76a29c19.jpg,5787,0,95599,6793,314,251,60,206,1.76522E+12,https://www.bilibili.com/video/av115207867208369,http://i1.hdslb.com/bfs/archive/44996316203daa84d864e01adb36648f3124588f.jpg,张雪峰 专业推荐
1.14062E+14,video,张雪峰工业工程专业,直播录屏,1740454427,24630982,happyの菜菜,http://i1.hdslb.com/bfs/face/103fcea35e117c2e7f34b1b732dcb3f59f734b74.jpg,112,0,13352,52,50,4,9,3,1.76522E+12,https://www.bilibili.com/video/av114062369234558,http://i2.hdslb.com/bfs/archive/c01d6d0329df00d1f32efcbf482c8e96199d9636.jpg,张雪峰 专业推荐
1805958640,video,张雪峰推荐的会计专业怎么样❓五大就业方向+大学规划建议,"张雪峰在多个场合推荐财会专业，那财会专业的就业方向有哪些？有没有必要考研？大学期间应该怎么规划？
感兴趣的话来听听我的分享吧~",1719760393,242193159,Super杨小春,https://i0.hdslb.com/bfs/face/b8f25b1346d4f7cbc900cd802c937c834cab53da.jpg,686,0,18374,789,168,47,0,58,1.76522E+12,https://www.bilibili.com/video/av1805958640,http://i0.hdslb.com/bfs/archive/7c3c063d2ff15e10f007af248b02ffc01adc441d.jpg,张雪峰 专业推荐
997824399,video,张雪峰，宝藏专业，特别适合普通家庭，一年挣个30多万。,,1687848089,291320147,mechzzz,https://i2.hdslb.com/bfs/face/45a3b0169a4257fd1a2e8e16f28772c674a29f88.jpg,7089,0,1133512,5075,1957,167,216,418,1.76522E+12,https://www.bilibili.com/video/av997824399,http://i0.hdslb.com/bfs/archive/066f1c8e20a3145cc8ef1578ff3e70c682a015d4.jpg,张雪峰 专业推荐
1.14764E+14,video,读了也白读？互联网最坑热门专业TOP10赏析，名字高大上，毕业拿5千！,本期视频纯属个人意见，请根据个人情况、背景、计划、实力，进行实际选择！,1751161117,16022714,正经的老邪,https://i2.hdslb.com/bfs/face/e2c6b5eefb0899775358c460e04fdaf5acf82dd8.jpg,25947,0,893118,4674,2605,5507,4370,2957,1.76522E+12,https://www.bilibili.com/video/av114764059512554,http://i2.hdslb.com/bfs/archive/05657250e0ff568324cc21f9c5df321056768f03.jpg,张雪峰 专业推荐
1155898358,video,想挣大钱选哪些专业？张雪峰真诚推荐,想挣大钱选哪些专业？张雪峰真诚推荐,1719559138,694728656,张雪峰高考讲座,https://i2.hdslb.com/bfs/face/81f2b3a23894fe6dc460619705475732819075a8.jpg,35,0,2596,23,6,2,0,3,1.76522E+12,https://www.bilibili.com/video/av1155898358,http://i1.hdslb.com/bfs/archive/38503d70dac98e3e31bc21ab91365b154baae568.jpg,张雪峰 专业推荐
796821685,video,张雪峰—市场营销专业4职业规划,,1598955651,44309184,高考志愿咨询建议,https://i0.hdslb.com/bfs/face/029799958c2ac6233bdb6de037340f2db20fcb19.jpg,833,0,62502,931,295,82,49,58,1.76522E+12,https://www.bilibili.com/video/av796821685,http://i0.hdslb.com/bfs/archive/2294004eba0618366f15aceb263f3e3f1c6fde42.jpg,张雪峰 专业推荐
1303891966,video,民办还能谈判专业？张雪峰带你大开眼界,民办还能谈判专业？张雪峰带你大开眼界,1714354245,652522840,张雪峰说考研考公,https://i1.hdslb.com/bfs/face/d641253ccbee6e9dec7af52156ae37c4488f77b1.jpg,781,0,40804,552,177,72,14,129,1.76522E+12,https://www.bilibili.com/video/av1303891966,http://i2.hdslb.com/bfs/archive/08a1d562dcf5b24f0f2c28b207cc138dc1e3a52d.jpg,张雪峰 专业推荐
1.12938E+14,video,张雪峰：理科如何选专业,,1723292207,522511989,张雪峰直播讲升学,https://i0.hdslb.com/bfs/face/f50fa605c7230a9fd52c495fc9e41f2a170aaeee.jpg,230,0,7828,481,214,18,19,5,1.76522E+12,https://www.bilibili.com/video/av112937658289624,http://i2.hdslb.com/bfs/archive/85099e636ab42e76c3192e5dd77c54a3999d6fbe.jpg,张雪峰 专业推荐
1601877081,video,张雪峰详解专业和行业的区别,,1711109820,3.54638E+15,张雪峰升学规划,https://i2.hdslb.com/bfs/face/6b0ebedd62a55acf2c48ee5e30c11e72be71bcfa.jpg,38,0,1752,62,81,6,2,0,1.76522E+12,https://www.bilibili.com/video/av1601877081,http://i2.hdslb.com/bfs/archive/0b0befbfb117a494b7bdb2275d9bb480061932e1.jpg,张雪峰 专业推荐
812959459,video,适合女生报考的20个专业，我和张雪峰老师达成了高度一致，“有棚专业”对女生很友好,本视频包括以下几部分 1. 女生就业人数最多的10大专业 2. 女生最高薪的10大专业 3. 在招这类专业的院校及录取分数,1656496416,492571783,录我么-高考报考,https://i1.hdslb.com/bfs/face/65600679169169463eb076d13beb156abe8ee371.jpg,2222,0,304027,2968,1795,102,69,289,1.76522E+12,https://www.bilibili.com/video/av812959459,http://i1.hdslb.com/bfs/archive/e2a888e5384b0bbe10d2e6bf1f66f45c57d29291.jpg,张雪峰 专业推荐
626489911,video,“上大学选什么专业不重要“,"骑土的忠告，基于自己的失败选专业经验
最近高考分数出来了
真的不要小看选专业，希望各位都能进入自己喜欢的专业",1595462418,291615315,圆桌骑土,https://i0.hdslb.com/bfs/face/5902b858a4ac46786b698502a1a9e65226a4f9b1.jpg,10263,0,93591,1878,720,2412,450,955,1.76522E+12,https://www.bilibili.com/video/av626489911,http://i2.hdslb.com/bfs/archive/5dd4c0c4e70e98ceceb441cd3e104eaae21ca416.jpg,张雪峰 专业推荐
1705086123,video,【张雪峰】高考分数低，好就业 ，好升本的专业,,1716765300,443345922,张雪峰助考助研,https://i0.hdslb.com/bfs/face/16c02b4011b9011b9dea6357fab89df56df78d4f.jpg,786,0,41851,751,176,43,2,17,1.76522E+12,https://www.bilibili.com/video/av1705086123,http://i1.hdslb.com/bfs/archive/86f718de8103ecd6fefa59855ba3fddac06473d5.jpg,张雪峰 专业推荐
1.15433E+14,video,未来不会被AI取代的专业，张雪峰毫无保留,未来不会被AI取代的专业，张雪峰毫无保留,1761361751,3.54657E+15,张雪峰说考研就业,https://i2.hdslb.com/bfs/face/32f57f888f2a89cb511d52107514a9e274835fa4.jpg,151,0,9646,174,24,7,8,19,1.76522E+12,https://www.bilibili.com/video/av115432598013448,http://i0.hdslb.com/bfs/archive/1f772630c0763cdeaa1d4c5c723b8fac9700b8ee.jpg,张雪峰 专业推荐
1255952184,video,张雪峰：见到马上跑的专业！不要自己往坑里跳,,1719102000,3.49327E+15,张雪峰教育讲座,https://i2.hdslb.com/bfs/face/c12f05bba2006257c6f794aad047a823ba709831.jpg,19724,0,376760,6021,2278,308,129,1135,1.76522E+12,https://www.bilibili.com/video/av1255952184,http://i1.hdslb.com/bfs/archive/4266a6975375ccf8d5eca7564b362edf3611be79.jpg,张雪峰 专业推荐
1.14685E+14,video,张雪峰老师又说实话了！教育学专业，真不是谁都能碰的！想当老师的一定要看看。,-,1749951795,630098033,高中英语小风老师,https://i2.hdslb.com/bfs/face/0575809ed11f2e60e611b00ea648984d42783f05.jpg,58,0,5660,49,39,4,4,8,1.76522E+12,https://www.bilibili.com/video/av114684803941877,http://i0.hdslb.com/bfs/archive/a1806e957d62536960ea9ff86772ed9f5e44e0c6.jpg,张雪峰 专业推荐
1.14628E+14,video,【张雪峰】核工程专业解读,,1749091678,443345922,张雪峰助考助研,https://i0.hdslb.com/bfs/face/16c02b4011b9011b9dea6357fab89df56df78d4f.jpg,1450,0,66584,109,71,8,1,21,1.76522E+12,https://www.bilibili.com/video/av114628466051646,http://i0.hdslb.com/bfs/archive/50532c509ff28905310b4558ad05ae97df343358.jpg,张雪峰 专业推荐
1705984813,video,分数不高学哪些专业？张雪峰老师真诚推荐,分数不高学哪些专业？张雪峰老师真诚推荐,1718543061,1025592457,张雪峰谈高考就业,https://i1.hdslb.com/bfs/face/1744b38a8a64eafe17ac78a69e0558abd4bb43ca.jpg,371,0,40101,285,160,6,0,3,1.76522E+12,https://www.bilibili.com/video/av1705984813,http://i0.hdslb.com/bfs/archive/58d4b45d236e5b706001037e9ce4215de68a65cd.jpg,张雪峰 专业推荐
796821685,video,张雪峰—市场营销专业4职业规划,,1598955651,44309184,高考志愿咨询建议,https://i0.hdslb.com/bfs/face/029799958c2ac6233bdb6de037340f2db20fcb19.jpg,833,0,62502,931,295,82,49,58,1.76522E+12,https://www.bilibili.com/video/av796821685,http://i0.hdslb.com/bfs/archive/2294004eba0618366f15aceb263f3e3f1c6fde42.jpg,张雪峰 专业推荐
626489911,video,“上大学选什么专业不重要“,"骑土的忠告，基于自己的失败选专业经验
最近高考分数出来了
真的不要小看选专业，希望各位都能进入自己喜欢的专业",1595462418,291615315,圆桌骑土,https://i0.hdslb.com/bfs/face/5902b858a4ac46786b698502a1a9e65226a4f9b1.jpg,10263,0,93591,1878,720,2412,450,955,1.76522E+12,https://www.bilibili.com/video/av626489911,http://i2.hdslb.com/bfs/archive/5dd4c0c4e70e98ceceb441cd3e104eaae21ca416.jpg,张雪峰 专业推荐
812959459,video,适合女生报考的20个专业，我和张雪峰老师达成了高度一致，“有棚专业”对女生很友好,本视频包括以下几部分 1. 女生就业人数最多的10大专业 2. 女生最高薪的10大专业 3. 在招这类专业的院校及录取分数,1656496416,492571783,录我么-高考报考,https://i1.hdslb.com/bfs/face/65600679169169463eb076d13beb156abe8ee371.jpg,2222,0,304027,2968,1795,102,69,289,1.76522E+12,https://www.bilibili.com/video/av812959459,http://i1.hdslb.com/bfs/archive/e2a888e5384b0bbe10d2e6bf1f66f45c57d29291.jpg,张雪峰 专业推荐
1.14685E+14,video,张雪峰老师又说实话了！教育学专业，真不是谁都能碰的！想当老师的一定要看看。,-,1749951795,630098033,高中英语小风老师,https://i2.hdslb.com/bfs/face/0575809ed11f2e60e611b00ea648984d42783f05.jpg,58,0,5660,49,39,4,4,8,1.76522E+12,https://www.bilibili.com/video/av114684803941877,http://i0.hdslb.com/bfs/archive/a1806e957d62536960ea9ff86772ed9f5e44e0c6.jpg,张雪峰 专业推荐
1303891966,video,民办还能谈判专业？张雪峰带你大开眼界,民办还能谈判专业？张雪峰带你大开眼界,1714354245,652522840,张雪峰说考研考公,https://i1.hdslb.com/bfs/face/d641253ccbee6e9dec7af52156ae37c4488f77b1.jpg,781,0,40804,552,177,72,14,129,1.76522E+12,https://www.bilibili.com/video/av1303891966,http://i2.hdslb.com/bfs/archive/08a1d562dcf5b24f0f2c28b207cc138dc1e3a52d.jpg,张雪峰 专业推荐
1.15433E+14,video,未来不会被AI取代的专业，张雪峰毫无保留,未来不会被AI取代的专业，张雪峰毫无保留,1761361751,3.54657E+15,张雪峰说考研就业,https://i2.hdslb.com/bfs/face/32f57f888f2a89cb511d52107514a9e274835fa4.jpg,151,0,9646,174,24,7,8,19,1.76522E+12,https://www.bilibili.com/video/av115432598013448,http://i0.hdslb.com/bfs/archive/1f772630c0763cdeaa1d4c5c723b8fac9700b8ee.jpg,张雪峰 专业推荐
1.1447E+14,video,张雪峰推荐两所良心院校，专业不错，性价比高，可冲！,,1746871200,3.49436E+15,张雪峰知识课堂,https://i2.hdslb.com/bfs/face/c1325cf67993bd3cc66d66f7647d0e0ed0ed00d5.jpg,101,0,4449,46,6,4,1,4,1.76522E+12,https://www.bilibili.com/video/av114469871033340,http://i2.hdslb.com/bfs/archive/f415b140aa5011c3c87a0d508a340e838535c3db.jpg,张雪峰 专业推荐
1705984813,video,分数不高学哪些专业？张雪峰老师真诚推荐,分数不高学哪些专业？张雪峰老师真诚推荐,1718543061,1025592457,张雪峰谈高考就业,https://i1.hdslb.com/bfs/face/1744b38a8a64eafe17ac78a69e0558abd4bb43ca.jpg,371,0,40101,285,160,6,0,3,1.76522E+12,https://www.bilibili.com/video/av1705984813,http://i0.hdslb.com/bfs/archive/58d4b45d236e5b706001037e9ce4215de68a65cd.jpg,张雪峰 专业推荐
969004929,video,张雪峰—最火专业计算机1,,1596853835,44309184,高考志愿咨询建议,https://i0.hdslb.com/bfs/face/029799958c2ac6233bdb6de037340f2db20fcb19.jpg,402,0,60855,438,427,33,23,11,1.76522E+12,https://www.bilibili.com/video/av969004929,http://i0.hdslb.com/bfs/archive/8e92cbd8ac72976eff46b3678c879378d01a5088.jpg,张雪峰 专业推荐
577286021,video,张雪峰解密：数学专业考研就业全攻略,-,1697608888,395944088,张雪峰直播课,https://i2.hdslb.com/bfs/face/a60d63ed5ade6b6eb888c297f2360fed1181ed6b.jpg,46,0,4566,49,13,6,0,2,1.76522E+12,https://www.bilibili.com/video/av577286021,http://i0.hdslb.com/bfs/archive/c06ffbf6c80509e34052f5b11cbdfac8c6f34eea.jpg,张雪峰 专业推荐
1.15406E+14,video,机械专业大学规划！选科/考研/实习/比赛/自我发展，全部讲透！,"机械专业的同学，如何从萌新到大神？
选科/考研/实习/比赛/自我发展，这是大明白给你的答案！",1760952147,3.49329E+15,大明白选专业,https://i2.hdslb.com/bfs/face/4125e60779f4dcbc315931a5adb30473e873d1b3.jpg,348,0,5889,734,78,174,0,53,1.76522E+12,https://www.bilibili.com/video/av115405754468668,http://i1.hdslb.com/bfs/archive/c55dd5036ed1c81101fddbf18623ecdf03ab25f8.jpg,张雪峰 专业推荐
1405616579,video,大专女孩子的出路在哪里，张老师建议铆这两个专业,,1718287920,1647487087,张雪峰谈升学,https://i1.hdslb.com/bfs/face/04a9e1c4898f2a7e02067cc24e46532c6eaea212.jpg,4511,0,519372,4111,4716,164,357,1264,1.76522E+12,https://www.bilibili.com/video/av1405616579,http://i1.hdslb.com/bfs/archive/e516b10097c1e11abf8edd00f454386bf93ac049.jpg,张雪峰 专业推荐
1.13719E+14,video,材料专业该怎么选？张雪峰说得太透彻了,,1735213540,433174409,雪峰说规划,https://i2.hdslb.com/bfs/face/56421019a4b37d670823962ed79b433686fb0d29.jpg,50,0,10028,29,35,2,1,1,1.76522E+12,https://www.bilibili.com/video/av113718906063503,http://i0.hdslb.com/bfs/archive/3d0ec484ae764c8c40ec6095025497ef1eb79c94.jpg,张雪峰 专业推荐
1.14628E+14,video,【张雪峰】核工程专业解读,,1749091678,443345922,张雪峰助考助研,https://i0.hdslb.com/bfs/face/16c02b4011b9011b9dea6357fab89df56df78d4f.jpg,1450,0,66584,109,71,8,1,21,1.76522E+12,https://www.bilibili.com/video/av114628466051646,http://i0.hdslb.com/bfs/archive/50532c509ff28905310b4558ad05ae97df343358.jpg,张雪峰 专业推荐
1.14981E+14,video,准大一，物流工程专业，不知如何规划未来，张雪峰老师解答,-,1754464273,395944088,张雪峰直播课,https://i2.hdslb.com/bfs/face/a60d63ed5ade6b6eb888c297f2360fed1181ed6b.jpg,25,0,2589,13,1,0,2,2,1.76522E+12,https://www.bilibili.com/video/av114980552773745,http://i0.hdslb.com/bfs/archive/1a527ae152d33a33c887818a10ebec3e4e3cbe66.jpg,张雪峰 专业推荐
363162271,video,读大学那些专业更加适合创业？,关注巫老师，升学不迷路,1694318400,1188605444,巫老师讲高职高考,https://i2.hdslb.com/bfs/face/e0669c31752c42e91738d9891c08be352cde10b9.jpg,96,0,7473,92,14,7,0,11,1.76522E+12,https://www.bilibili.com/video/av363162271,http://i1.hdslb.com/bfs/archive/ac1ba63b093a7e5317ad13648dbe8ae6e9cad587.jpg,张雪峰 专业推荐
1.14867E+14,video,喜欢的专业挣不到钱，还要去坚持吗？？,"喜欢的专业挣不到钱，还要去坚持吗？？
高中学习的基础知识大部分用不上为什么还要去学？",1752738369,2064569539,考研英语大雁,https://i1.hdslb.com/bfs/face/3e086f37a4a608cef1f918025a0477a393d9039a.jpg,3106,0,43250,1357,205,428,42,192,1.76522E+12,https://www.bilibili.com/video/av114867440717299,http://i1.hdslb.com/bfs/archive/8273dcfcf899840f4b5b14fb387320d177d69894.jpg,张雪峰 专业推荐
1000175933,video,食品专业想爬坑，张雪峰推荐的道路还看不上！,-,1706753048,1179985986,张雪峰升学规划小讲堂,https://i0.hdslb.com/bfs/face/bc8ff701ebc0df758ba788bf99a09c3871f596a7.jpg,194,0,33501,133,60,19,4,56,1.76522E+12,https://www.bilibili.com/video/av1000175933,http://i1.hdslb.com/bfs/archive/ad487e56373575bf0703af5e648969dd3a657333.jpg,张雪峰 专业推荐
781666589,video,电子信息专业男生纠结考研专业选择方向。张雪峰：逐渐离谱！报招生40个的不就完了！,-,1679804959,218673840,张雪峰老师的小跟班,https://i0.hdslb.com/bfs/face/a562055a6be1b8f4465f22368a0eb247bd70845f.jpg,554,0,57914,156,56,24,4,63,1.76522E+12,https://www.bilibili.com/video/av781666589,http://i1.hdslb.com/bfs/archive/c04d6b7358806eeea56c522ffa2adf89b1a479c1.jpg,张雪峰 专业推荐
1655818906,video,【张雪峰】测控技术与仪器专业,,1718876100,443345922,张雪峰助考助研,https://i0.hdslb.com/bfs/face/16c02b4011b9011b9dea6357fab89df56df78d4f.jpg,1216,0,141709,701,1294,37,29,535,1.76522E+12,https://www.bilibili.com/video/av1655818906,http://i1.hdslb.com/bfs/archive/e332b56b9ddb216dd170464d010acc04420c319d.jpg,张雪峰 专业推荐
1.1472E+14,video,20分钟速通大学所有专业！,大学所有专业一站式速通发车啦～,1750493811,40427625,取景框看世界,https://i0.hdslb.com/bfs/face/0d671560a6dd7f28247b3b7501d404a5b01280ea.jpg,45457,0,1048945,54276,27886,16412,4819,3800,1.76522E+12,https://www.bilibili.com/video/av114720338153201,http://i2.hdslb.com/bfs/archive/e63d94c2a65fffd2fa4019d5f6d0770c1ddab042.jpg,张雪峰 专业推荐
1.12958E+14,video,全网最全如何选对专业（理科）,全网最全如何选对专业（理科）,1723604503,3.53711E+15,张雪峰直播精选,https://i1.hdslb.com/bfs/face/59a1a1f085c17a27f546958c8445d79459952aac.jpg,17808,0,490624,16863,9266,2609,4918,1127,1.76522E+12,https://www.bilibili.com/video/av112958092937970,http://i1.hdslb.com/bfs/archive/3864f67cc0f7dad89840809d2dc6300585324d63.jpg,张雪峰 专业推荐
1.15648E+14,video,普通家庭不要碰的七个大学专业,普通家庭不要碰的七个大学专业,1764646652,83155743,湖南专升本袁老师,https://i0.hdslb.com/bfs/face/18833a51d90090737f24f214e53207688715123d.jpg,7,0,645,2,0,0,0,6,1.76522E+12,https://www.bilibili.com/video/av115647849760792,http://i1.hdslb.com/bfs/archive/f3860d02c257b68303cfa94028dfcb9b8af36fef.jpg,张雪峰 专业推荐
498823555,video,【半佛】如何用10分钟解决专业选择大坑,一些从利益角度出发的决策思路，希望对你有所帮助。,1594802496,37663924,硬核的半佛仙人,https://i1.hdslb.com/bfs/face/aaf33dced1941af0946f37c62f4b48fcaba9c9a2.jpg,215592,0,3364574,81397,90179,99269,24002,22728,1.76522E+12,https://www.bilibili.com/video/av498823555,http://i1.hdslb.com/bfs/archive/874f08f435d504faa2f7e4185b358a9464901083.jpg,张雪峰 专业推荐
1.15258E+14,video,普通家庭的女孩子学啥专业最吃香？,,1758706200,3.54683E+15,框框看升学,https://i0.hdslb.com/bfs/face/d2fc38c4cd27af93c61082e2a4eb45bc31a02fa1.jpg,1309,0,49924,934,192,49,40,167,1.76522E+12,https://www.bilibili.com/video/av115257913643175,http://i2.hdslb.com/bfs/archive/eaf67930c03fe0d9705926ac393d92f98379298a.jpg,张雪峰 专业推荐
1.14704E+14,video,2025志愿填报懵了？核心三步法搞定！,"公众号：一数儿，免费分享学习资料~ 

﻿@一物儿﻿ 学习物理
@一化儿  学习化学
@一生儿  学习生物
@一英儿  学习英语
@一地er  学习地理
﻿@一高数﻿ 学习高数
﻿@学过石油的语文老师﻿ 学习语文

愿这份友谊长存！",1750244068,14229967,一数,https://i1.hdslb.com/bfs/face/812281bada7d323c23c6e1e2e92749bd29b7d7c6.jpg,163667,0,1836574,94283,17801,25524,5296,4954,1.76522E+12,https://www.bilibili.com/video/av114703980369003,http://i1.hdslb.com/bfs/archive/3fe135a7be3eb11f5bb90e307d0e9e5b57ad5214.jpg,张雪峰 专业推荐
1.15049E+14,video,20分钟速通所有专业的就业出路！能干啥？挣多少？,谁没事儿看简介啊,1755512397,40427625,取景框看世界,https://i0.hdslb.com/bfs/face/0d671560a6dd7f28247b3b7501d404a5b01280ea.jpg,23472,0,380621,23415,2653,7312,445,1311,1.76522E+12,https://www.bilibili.com/video/av115049238826205,http://i2.hdslb.com/bfs/archive/7529e7fd6e3d3b43abec81cf9bbd0d77d5e1d800.jpg,张雪峰 专业推荐
1801012875,video,张雪峰，最挣钱的六大专业，普通家庭千万不要错过！,.,1709177604,3.49309E+15,上岸先Z意中人,https://i1.hdslb.com/bfs/face/f0e09308ab824f0791d7521eddb5c44eb2f84c8d.jpg,7328,0,712436,6593,1990,206,146,921,1.76522E+12,https://www.bilibili.com/video/av1801012875,http://i1.hdslb.com/bfs/archive/0360b1cad9d8a8a4f1186df707446fe1fe86bcfa.jpg,张雪峰 专业推荐
1.1472E+14,video,一口气！讲完大学所有专业！2025年高考志愿填报，保姆级讲解视频，全国适用，志愿报考，经验分享,"咨询志愿报考全托的小伙伴，点击视频置顶蓝色评论，添加蓝哥助理
咨询志愿报考全托的小伙伴，点击视频置顶蓝色评论，添加蓝哥助理
咨询志愿报考全托的小伙伴，点击视频置顶蓝色评论，添加蓝哥助理
咨询志愿报考全托的小伙伴，点击视频置顶蓝色评论，添加蓝哥助理
咨询志愿报考全托的小伙伴，点击视频置顶蓝色评论，添加蓝哥助理
咨询志愿报考全托的小伙伴，点击视频置顶蓝色评论，添加蓝哥助理
咨询志愿报考全托的小伙伴，点击视频置顶蓝色评论，添加蓝哥助理
咨询志愿报考全托的小伙伴，点击视频置顶蓝色评论，添加蓝哥助理
咨询志愿报考全托的小伙伴，点击视频置顶蓝色评论，添加蓝哥助理
咨询志愿报考全托的小伙伴，点击视频置顶蓝色评论，添加蓝哥助理",1750557600,2116071253,高考蓝哥,https://i1.hdslb.com/bfs/face/df5f1dfaff44dae03d4268e253d05b14ce6b304f.jpg,6494,0,223774,11029,3218,2506,538,440,1.76522E+12,https://www.bilibili.com/video/av114719734241269,http://i2.hdslb.com/bfs/archive/5741d0dfb7786ac03528f7a48f05176be184d539.jpg,张雪峰 专业推荐
940175116,video,家里没钱没背景，可以选这些专业【空卡/高考志愿】,"给普通人选专业的5点建议！
一定要看到最后，我调查了1000位学长学姐，总结出27个专业真相，在我公主号【空卡空卡空空卡】回复“专业”领～
早了解少踩坑！",1655976247,16671656,空卡空卡空空卡,https://i2.hdslb.com/bfs/face/c8027f4b76db59fe2c82fba5ddcd546425de6ee1.jpg,60858,0,2306649,36117,16741,6108,4012,13003,1.76522E+12,https://www.bilibili.com/video/av940175116,http://i0.hdslb.com/bfs/archive/3d87bb8733e718f0d4f563d64555438c5a21484c.jpg,张雪峰 专业推荐
1.14737E+14,video,专业坦白局｜大胆预测4年后什么专业最吃香？,-,1750749532,673886002,致91岁的双胞胎,https://i1.hdslb.com/bfs/face/08bea9a0f8780c31922c7f17084f7fcc20d1ee1a.jpg,23522,0,241221,20424,1658,1611,78,1159,1.76522E+12,https://www.bilibili.com/video/av114737098525870,http://i2.hdslb.com/bfs/archive/20be97923ad69a01f8f1639d8c41ca596e9aef8f.jpg,张雪峰 专业推荐
888749257,video,【工学篇】B站专业选择指南,视频素材来源 up主：取景框看世界,1623757666,517491339,好奇星人知识喵,https://i0.hdslb.com/bfs/face/68aab50c87e438dfc4f213f219667bf194ebbcc1.jpg,6444,0,334986,9319,5994,866,390,575,1.76522E+12,https://www.bilibili.com/video/av888749257,http://i1.hdslb.com/bfs/archive/a088bdc6ce6c1fcfb663b13443d1097cf5617a5e.jpg,张雪峰 专业推荐
1.14748E+14,video,【张雪峰】最全选专业详细攻略（理科生必看）,,1750909031,443345922,张雪峰助考助研,https://i0.hdslb.com/bfs/face/16c02b4011b9011b9dea6357fab89df56df78d4f.jpg,5354,0,228278,9589,3905,1169,796,1175,1.76522E+12,https://www.bilibili.com/video/av114747550729878,http://i1.hdslb.com/bfs/archive/fe44b5fb455c555535fb8283dd6b099d243d7b35.jpg,张雪峰 专业推荐
888507502,video,【工科①】b站最全志愿填报专业选择指南！67专业100嘉宾！第4期：通信计算机软件电气自动化机械土木建筑城市规划石油 理科专业工科专业高考志愿填报,"如果你想分享专业经验，欢迎发送邮件给我~
地址：qjkzhuanye@163.com
标题：昵称+教育背景+工作背景+所在城市
正文：可以分享的自己专业内容简介
最后附上联系方式

感谢参与本次嘉宾：CodeSheep、然后的夜晚、小周、霜晗、小苏、愣娃RC、Alex、庄子HD、李志青、Franklin、芙芙家的洗碗君、建筑生阿高、王硕洋、摄影师泰罗、学过石油的语文老师

上期：经济 金融 国贸 保险 财政 会计 管理 信管 营销
下期：数学 统计 物理 力学 化学 生物 地理 地质 大气 食品",1623470713,40427625,取景框看世界,https://i0.hdslb.com/bfs/face/0d671560a6dd7f28247b3b7501d404a5b01280ea.jpg,74247,0,2391555,46812,56878,27369,13437,8983,1.76522E+12,https://www.bilibili.com/video/av888507502,http://i1.hdslb.com/bfs/archive/5ece7a59bd2411ff4dbb273742f4a215962c016c.jpg,张雪峰 专业推荐
1105962797,video,【虎扑】大学热门专业评分榜（最新）,,1719739200,315964436,清风逐月明,https://i2.hdslb.com/bfs/face/5b6195936dfc4cd3c4d212067d09c304e665a1e7.jpg,1928,0,236382,2187,439,234,209,317,1.76522E+12,https://www.bilibili.com/video/av1105962797,http://i2.hdslb.com/bfs/archive/97b0f3752c65c0e5db76904765f4134f45a5ecc5.jpg,张雪峰 专业推荐
611023383,video,羡煞男生！女生报考首选这10大专业，就业体面、待遇好，张雪峰直播力荐,别知道口腔医学和计算机了。推荐的这10大类专业中，每类下面都有6个细分专业，目前就业比较好，总有一款适合你,1679047212,492571783,录我么-高考报考,https://i1.hdslb.com/bfs/face/65600679169169463eb076d13beb156abe8ee371.jpg,1105,0,111092,1442,854,60,18,82,1.76522E+12,https://www.bilibili.com/video/av611023383,http://i2.hdslb.com/bfs/archive/66a995afecdcf2e24c696028552f735cfa2effa6.jpg,张雪峰 专业推荐
1855987854,video,【高考志愿】20分钟解析所有本科专业！来不及解释了，快上车！,"系统志愿填报思路：https://www.bilibili.com/video/BV19xTizdEGp/
教育法学：https://www.bilibili.com/video/BV1oS411w78W/
艺术：https://www.bilibili.com/video/BV1WH4y1w7Bf/
医学：https://www.bilibili.com/video/BV1D4421S7AY/
法学：https://www.bilibili.com/video/BV1wb421n7VV/
文史哲：https://www.bilibili.com/video/BV1AT421Y7BS/
经济管理：https://www.bilibili.com/video/BV1qz421z7Je/
热门工科：https://www.bilibili.com/video/BV1N1421k7ws/

2023年版
法学教育：https://www.bilibili.com/video/BV1MW4y1D7gM/
热门工科：https://www.bilibili.com/video/BV1wj411Q",1719303536,39460980,问问大象,https://i0.hdslb.com/bfs/face/621033f23c2d14c5c2af23bc0971449ef0229452.jpg,32265,0,578558,37382,19756,7067,410,959,1.76522E+12,https://www.bilibili.com/video/av1855987854,http://i0.hdslb.com/bfs/archive/76114f791baf07e56025adb53661117def6d4953.jpg,张雪峰 专业推荐
700048449,video,开箱吧专业！一起发现专业闪光点 · 高考志愿填报 | 夸克APP,"高考出分在即，夸克特邀五位志愿官，为即将进行志愿填报的2023届考生们分享专业故事。
由陈都灵分享的「飞行器制造工程」专业 ，她说上天之前先要向下钻研；「哲学」领域的@刘擎教授  ，讲述如何在AI时代中脱颖而出；学习「保险学」专业的@蒲熠星  ，习惯更辩证地看待“风险”；来自「播音与主持艺术」专业的@齐思钧  ，致力于用语言艺术搭建行业间的桥梁；学习「法学」专业的@我就是何许人也  ，在真实世界中用法律维护公平正义。
每个专业都充满闪光点，值得考生们深入了解。上夸克搜「高考」，查大学查专业、智能选志愿，希望考生们都能考入理想大学、选上喜欢的专业！#夸克# #夸克高考# #高考# #高考志愿# #志愿# #志愿填报#",1687409400,405724215,夸克_Quark,https://i0.hdslb.com/bfs/face/6c210e08d08d37ddc209cbde05a7c2d9f2b478ff.jpg,24444,0,258759,3529,886,686,572,506,1.76522E+12,https://www.bilibili.com/video/av700048449,http://i2.hdslb.com/bfs/archive/90bbdf38560a6df733a29507796f24e43c1e96db.jpg,张雪峰 专业推荐
1.15321E+14,video,现在就业形势很好的几类专业，性格内向的孩子也适合！,现在就业形势很好的几类专业，性格内向的孩子也适合！,1759656649,652522840,张雪峰说考研考公,https://i1.hdslb.com/bfs/face/d641253ccbee6e9dec7af52156ae37c4488f77b1.jpg,715,0,44203,955,135,47,42,66,1.76522E+12,https://www.bilibili.com/video/av115320844978603,http://i0.hdslb.com/bfs/archive/3d04806f37c559043b9b463d83a8a2d9634a5d6d.jpg,张雪峰 专业推荐
1.12796E+14,video,211南航前校花谈选专业，满满干货不要错过,-,1721130701,425473419,都圣经超度神经病,https://i0.hdslb.com/bfs/face/b7bab204501d647bee5c1d7ddfe9f022e70bc9d5.jpg,4265,0,127367,1563,99,89,67,89,1.76522E+12,https://www.bilibili.com/video/av112796008186527,http://i1.hdslb.com/bfs/archive/ca14bf414216bf2abc6a46221c9f678d610a20d4.jpg,张雪峰 专业推荐
1.147E+14,video,兽医这么挣钱吗一年50万？张雪峰连麦龙兽医直接惊呆了,兽医这么挣钱吗一年50万？张雪峰连麦龙兽医直接惊呆了,1750176255,1011950463,张雪峰老师说升学,https://i0.hdslb.com/bfs/face/adda982644d34d4e9d5853f8bc01b6674583e4b5.jpg,30146,0,813654,1826,613,427,653,1915,1.76522E+12,https://www.bilibili.com/video/av114699500787561,http://i0.hdslb.com/bfs/archive/d8c812e36ce19e77914a7d2705e6fe67d4d0bdad.jpg,张雪峰 专业推荐
1.1396E+14,video,张雪峰：选择专业的十条铁律，所有家长一定要知道！#张雪峰 #家长必读 #孩子教育 #专业选择 #高考,-,1738893799,3.54681E+15,张雪峰课堂,https://i2.hdslb.com/bfs/face/30e5a2e565feffdbe717b5db60ba18f36f6e8f6e.jpg,5589,0,121994,7655,1940,191,15,56,1.76522E+12,https://www.bilibili.com/video/av113960128872817,http://i1.hdslb.com/bfs/archive/f9552ebc41cf5400ad1577e27eec3bef0dbaaf28.jpg,张雪峰 专业推荐
1.1476E+14,video,被社会毒打2年，说点大实话：选错专业人生不会完蛋！选专业焦虑的高考生请进,-,1751091429,381874517,一颗樱桃子_,https://i2.hdslb.com/bfs/face/0b51cbd73bd3041a1126ffae20a62850615a8d68.jpg,327,0,7630,127,28,31,13,100,1.76522E+12,https://www.bilibili.com/video/av114759512952772,http://i2.hdslb.com/bfs/archive/7eb974f6d25e1ac78d441b4ae0fa8029ebeaea08.jpg,张雪峰 专业推荐
1.15018E+14,video,中专生最好就业的几类专业，张雪峰带你少走弯路！,中专生最好就业的几类专业，张雪峰带你少走弯路！,1755042863,3.54657E+15,张雪峰说考研就业,https://i2.hdslb.com/bfs/face/32f57f888f2a89cb511d52107514a9e274835fa4.jpg,3,0,964,4,2,2,0,0,1.76522E+12,https://www.bilibili.com/video/av115018469215181,http://i0.hdslb.com/bfs/archive/8dcf8ea338b345930830c4b1602723e587a1d367.jpg,张雪峰 专业推荐
1.14685E+14,video,张雪峰老师又说实话了！教育学专业，真不是谁都能碰的！想当老师的一定要看看。,-,1749951795,630098033,高中英语小风老师,https://i2.hdslb.com/bfs/face/0575809ed11f2e60e611b00ea648984d42783f05.jpg,58,0,5660,49,39,4,4,8,1.76522E+12,https://www.bilibili.com/video/av114684803941877,http://i0.hdslb.com/bfs/archive/a1806e957d62536960ea9ff86772ed9f5e44e0c6.jpg,张雪峰 专业推荐
233168031,video,张雪峰：计算机考研专业推荐，分大类需要贴近专业课,,1694076960,2140155552,张雪峰直播课堂,https://i0.hdslb.com/bfs/face/fc407dc3bdbc1708889d5e2011257858e042703f.jpg,99,0,5931,24,6,4,0,3,1.76522E+12,https://www.bilibili.com/video/av233168031,http://i0.hdslb.com/bfs/archive/c2dff3d0e3be6f063a710fc20d05400ec7ccd765.jpg,张雪峰 专业推荐
569734668,video,张雪峰聊语言类专业，我不忍心看，没法看！！！,张雪峰聊语言类专业，我不忍心看，没法看！！！,1680828179,3.49308E+15,娱乐大视角,https://i1.hdslb.com/bfs/face/2f782a4d6bca850a139d6fc0c6324cb4ce7cb5ee.jpg,1423,0,153003,708,588,50,198,491,1.76522E+12,https://www.bilibili.com/video/av569734668,http://i0.hdslb.com/bfs/archive/008c1981c1e90b362ca620656e2cc413b58f1a34.jpg,张雪峰 专业推荐
1.14992E+14,video,游戏行业将来会彻底改变，张雪峰一语成谶,游戏行业将来会彻底改变，张雪峰一语成谶,1754644800,652522840,张雪峰说考研考公,https://i1.hdslb.com/bfs/face/d641253ccbee6e9dec7af52156ae37c4488f77b1.jpg,870,0,61823,299,21,19,110,328,1.76522E+12,https://www.bilibili.com/video/av114991692778003,http://i0.hdslb.com/bfs/archive/1dc26892206a8d2bc3b17fb3340ede696c8ff46d.jpg,张雪峰 专业推荐
1303318139,video,复读5年还在纠结选专业，张雪峰被女孩整懵了,复读5年还在纠结选专业，张雪峰被女孩整懵了,1713596243,1025592457,张雪峰谈高考就业,https://i1.hdslb.com/bfs/face/1744b38a8a64eafe17ac78a69e0558abd4bb43ca.jpg,1496,0,331835,1302,497,362,604,547,1.76522E+12,https://www.bilibili.com/video/av1303318139,http://i0.hdslb.com/bfs/archive/186f5197cbe5ccc1180f986dba2bf82f56a42102.jpg,张雪峰 专业推荐
1.15546E+14,video,锐评工科九大热门专业,,1763090252,3.54696E+15,学而思话升学,https://i1.hdslb.com/bfs/face/ceeaa8b9837d502666852d8166714217757967fe.jpg,34,0,2838,11,2,0,0,2,1.76522E+12,https://www.bilibili.com/video/av115545877779011,http://i1.hdslb.com/bfs/archive/3c6760a950870c35555869304b68cf18878cde79.jpg,张雪峰 专业推荐
1.1509E+14,video,适合女孩报考的理工科专业，张雪峰细致解答,适合女孩报考的理工科专业，张雪峰细致解答,1756164000,3.54659E+15,张雪峰谈考研考公,https://i0.hdslb.com/bfs/face/a7fbe6f931530ac03d4f5a5769d2facd8433122c.jpg,188,0,12459,303,87,14,8,3,1.76522E+12,https://www.bilibili.com/video/av115089772386265,http://i1.hdslb.com/bfs/archive/d4ba83611d934d56e255a8a28f64ed1d371a33b3.jpg,张雪峰 专业推荐
876684225,video,张雪峰谈选专业的重要性！,-,1701479229,1179985986,张雪峰升学规划小讲堂,https://i0.hdslb.com/bfs/face/bc8ff701ebc0df758ba788bf99a09c3871f596a7.jpg,61,0,16362,52,44,4,0,4,1.76522E+12,https://www.bilibili.com/video/av876684225,http://i2.hdslb.com/bfs/archive/aba39b8d4963d962681f08039249d3e5504e301b.jpg,张雪峰 专业推荐
1.14971E+14,video,北京交通大学，自动化类，分流专业怎么选，张雪峰老师指导,-,1754317906,395944088,张雪峰直播课,https://i2.hdslb.com/bfs/face/a60d63ed5ade6b6eb888c297f2360fed1181ed6b.jpg,19,0,1224,5,3,0,2,1,1.76522E+12,https://www.bilibili.com/video/av114970956141282,http://i1.hdslb.com/bfs/archive/780b73f66779c5fe43e395d2c69f51d0e186f981.jpg,张雪峰 专业推荐
1.15621E+14,video,学化工到底有多危险？ 张雪峰：安全第一 ！,,1764975600,433174409,雪峰说规划,https://i2.hdslb.com/bfs/face/56421019a4b37d670823962ed79b433686fb0d29.jpg,21,0,1391,17,4,0,1,0,1.76522E+12,https://www.bilibili.com/video/av115621408866578,http://i1.hdslb.com/bfs/archive/45c6aa9549c1ee4343fbe16b8611d3e85b282686.jpg,张雪峰 专业推荐
1.13719E+14,video,材料专业该怎么选？张雪峰说得太透彻了,,1735213540,433174409,雪峰说规划,https://i2.hdslb.com/bfs/face/56421019a4b37d670823962ed79b433686fb0d29.jpg,50,0,10028,29,35,2,1,1,1.76522E+12,https://www.bilibili.com/video/av113718906063503,http://i0.hdslb.com/bfs/archive/3d0ec484ae764c8c40ec6095025497ef1eb79c94.jpg,张雪峰 专业推荐
69481119,video,看完这个视频，真对张雪峰刮目相看，他这么火果然是有原因的！（合集持续更新中）,张雪峰搞笑视频,1569823201,473854442,张大胖咯,http://i2.hdslb.com/bfs/face/7e257b201f18852adfdf6ed0876143e082dba048.jpg,16051,0,790370,20029,3155,3023,4179,337,1.76522E+12,https://www.bilibili.com/video/av69481119,http://i1.hdslb.com/bfs/archive/ac8dc8dee08a17df3931c43385746d2ca8a93178.jpg,张雪峰 专业推荐
1.14665E+14,video,2025分钟高考志愿填报张雪峰讲解保姆级全国通用不限地区报考经验分享,往期资料仅限自用,1749643352,602491537,好课连连看,https://i1.hdslb.com/bfs/face/344a7807b80e76f35357a1e14e620a815f318b61.jpg,1254,0,31204,3279,583,431,37,11,1.76522E+12,https://www.bilibili.com/video/av114664587527708,http://i2.hdslb.com/bfs/archive/16a57f0e679b85855688f763527e569db30bc060.jpg,张雪峰 专业推荐
459471219,video,【张雪峰】择校择专业中的7个大坑！千万要避雷！,,1614594502,476525925,研途考研教育,https://i0.hdslb.com/bfs/face/5835f77439f3596346e122ad010e2ea76954bb54.jpg,838,0,30313,646,103,97,112,29,1.76522E+12,https://www.bilibili.com/video/av459471219,http://i1.hdslb.com/bfs/archive/f745dfb89e67d6d4c233ec6b9dc7ee51f8d77a4f.jpg,张雪峰 专业推荐
996540640,video,张雪峰：我为什么建议把电气专业去掉？,,1685086320,2140155552,张雪峰直播课堂,https://i0.hdslb.com/bfs/face/fc407dc3bdbc1708889d5e2011257858e042703f.jpg,2444,0,268557,681,457,79,104,759,1.76522E+12,https://www.bilibili.com/video/av996540640,http://i1.hdslb.com/bfs/archive/d6482a220e60be6837d7dfce4b991e8c4c39d5f2.jpg,张雪峰 专业推荐
1.13164E+14,video,张雪峰浅讲计算机大类分流专业：物联网、软件工程、数字媒体技术方向略有不同,-,1726752194,478600949,冰雪故事会,https://i2.hdslb.com/bfs/face/4d547606dc0eb419f9e5aff13aed37dda5d92148.jpg,16,0,1203,8,9,0,0,0,1.76522E+12,https://www.bilibili.com/video/av113164419074570,http://i1.hdslb.com/bfs/archive/4e65c83c3912cd97833caa76315df84cbd6bb088.jpg,张雪峰 专业推荐
